algorithm,instance,config,seed,seconds,f1,f2
vega,cap61,C1,42,0.095,52500.0,1230253.15
vega,cap61,C1,43,0.095,45000.0,1251219.8
vega,cap61,C1,44,0.125,52500.0,1245387.3375
vega,cap61,C1,45,0.114,52500.0,1253219.8125
vega,cap61,C1,46,0.103,45000.0,1236665.525
vega,cap61,C1,47,0.121,37500.0,1308409.0625
vega,cap61,C1,47,0.121,45000.0,1245775.9125
vega,cap61,C1,48,0.107,45000.0,1231123.575
vega,cap61,C1,49,0.112,52500.0,1360246.425
vega,cap61,C1,50,0.105,45000.0,1323946.3625
vega,cap61,C1,51,0.105,45000.0,1208152.075
vega,cap61,C1,51,0.105,52500.0,1206565.4125
nsga2,cap61,C1,42,0.159,60000.0,949010.85
nsga2,cap61,C1,42,0.159,67500.0,933129.625
nsga2,cap61,C1,42,0.159,75000.0,919851.575
nsga2,cap61,C1,43,0.145,60000.0,941529.5875
nsga2,cap61,C1,43,0.145,67500.0,910275.3375
nsga2,cap61,C1,43,0.145,75000.0,889413.725
nsga2,cap61,C1,43,0.145,82500.0,887440.0
nsga2,cap61,C1,44,0.153,52500.0,919648.8624999999
nsga2,cap61,C1,44,0.153,60000.0,907420.1
nsga2,cap61,C1,44,0.153,67500.0,891705.5499999999
nsga2,cap61,C1,44,0.153,75000.0,888118.9125
nsga2,cap61,C1,45,0.148,52500.0,908905.775
nsga2,cap61,C1,45,0.148,60000.0,888937.0499999999
nsga2,cap61,C1,46,0.14,52500.0,919801.4249999999
nsga2,cap61,C1,46,0.14,60000.0,900569.7875
nsga2,cap61,C1,46,0.14,67500.0,889087.4874999999
nsga2,cap61,C1,47,0.134,45000.0,992065.05
nsga2,cap61,C1,47,0.134,52500.0,904528.5
nsga2,cap61,C1,47,0.134,60000.0,885286.7
nsga2,cap61,C1,47,0.134,67500.0,878643.4625
nsga2,cap61,C1,47,0.134,75000.0,872393.6
nsga2,cap61,C1,48,0.127,37500.0,1282350.575
nsga2,cap61,C1,48,0.127,45000.0,1096336.8375
nsga2,cap61,C1,48,0.127,52500.0,913927.75
nsga2,cap61,C1,48,0.127,60000.0,904570.25
nsga2,cap61,C1,48,0.127,67500.0,899519.6749999999
nsga2,cap61,C1,49,0.119,52500.0,933961.4
nsga2,cap61,C1,49,0.119,60000.0,913373.7374999999
nsga2,cap61,C1,49,0.119,67500.0,900608.1
nsga2,cap61,C1,49,0.119,75000.0,897105.525
nsga2,cap61,C1,49,0.119,82500.0,893085.2625
nsga2,cap61,C1,50,0.133,45000.0,1308748.175
nsga2,cap61,C1,50,0.133,52500.0,960742.2875
nsga2,cap61,C1,50,0.133,60000.0,944486.775
nsga2,cap61,C1,50,0.133,67500.0,938880.6
nsga2,cap61,C1,50,0.133,75000.0,934649.4375
nsga2,cap61,C1,51,0.118,45000.0,1051093.0875
nsga2,cap61,C1,51,0.118,52500.0,928148.9
nsga2,cap61,C1,51,0.118,60000.0,897971.9874999999
nsga2,cap61,C1,51,0.118,67500.0,884494.7
nsga2,cap61,C1,51,0.118,75000.0,872840.0
vega,cap61,C2,42,0.35,52500.0,1116940.0375
vega,cap61,C2,43,0.336,45000.0,1356288.4
vega,cap61,C2,43,0.336,52500.0,1206890.775
vega,cap61,C2,44,0.347,52500.0,1169554.4
vega,cap61,C2,45,0.338,52500.0,1347763.0875
vega,cap61,C2,46,0.317,52500.0,1114880.825
vega,cap61,C2,46,0.317,60000.0,1114576.725
vega,cap61,C2,47,0.343,45000.0,1361155.675
vega,cap61,C2,47,0.343,52500.0,1164289.775
vega,cap61,C2,47,0.343,60000.0,1145770.775
vega,cap61,C2,48,0.374,52500.0,1183840.6875
vega,cap61,C2,49,0.332,52500.0,1261895.8875
vega,cap61,C2,49,0.332,60000.0,1258587.4375
vega,cap61,C2,50,0.346,52500.0,1273382.1125
vega,cap61,C2,51,0.339,52500.0,1357654.725
vega,cap61,C2,51,0.339,60000.0,1336293.125
nsga2,cap61,C2,42,0.49,45000.0,1021337.7625
nsga2,cap61,C2,42,0.49,52500.0,914476.975
nsga2,cap61,C2,42,0.49,60000.0,894276.9249999999
nsga2,cap61,C2,42,0.49,67500.0,880830.6375
nsga2,cap61,C2,42,0.49,75000.0,869407.5375
nsga2,cap61,C2,42,0.49,82500.0,861858.7875
nsga2,cap61,C2,43,0.44,52500.0,922036.5
nsga2,cap61,C2,43,0.44,60000.0,902045.4874999999
nsga2,cap61,C2,43,0.44,67500.0,888068.575
nsga2,cap61,C2,43,0.44,75000.0,872790.0625
nsga2,cap61,C2,43,0.44,82500.0,861366.9625
nsga2,cap61,C2,43,0.44,90000.0,853818.2125
nsga2,cap61,C2,43,0.44,97500.0,849640.5
nsga2,cap61,C2,44,0.447,45000.0,1049478.3375
nsga2,cap61,C2,44,0.447,52500.0,915947.4625
nsga2,cap61,C2,44,0.447,60000.0,895891.3375
nsga2,cap61,C2,44,0.447,67500.0,884468.2375
nsga2,cap61,C2,44,0.447,75000.0,875632.775
nsga2,cap61,C2,44,0.447,82500.0,868084.025
nsga2,cap61,C2,45,0.382,37500.0,1115828.375
nsga2,cap61,C2,45,0.382,45000.0,977887.7875
nsga2,cap61,C2,45,0.382,52500.0,916177.3
nsga2,cap61,C2,45,0.382,60000.0,896120.1375
nsga2,cap61,C2,45,0.382,67500.0,884987.9875
nsga2,cap61,C2,45,0.382,75000.0,874790.6875
nsga2,cap61,C2,45,0.382,82500.0,869577.8125
nsga2,cap61,C2,46,0.426,45000.0,1061405.975
nsga2,cap61,C2,46,0.426,52500.0,937832.0
nsga2,cap61,C2,46,0.426,60000.0,906083.125
nsga2,cap61,C2,46,0.426,67500.0,886027.0
nsga2,cap61,C2,47,0.408,52500.0,1029682.4875
nsga2,cap61,C2,47,0.408,60000.0,906129.55
nsga2,cap61,C2,47,0.408,67500.0,886131.0625
nsga2,cap61,C2,47,0.408,75000.0,881856.2125
nsga2,cap61,C2,47,0.408,82500.0,864690.0875
nsga2,cap61,C2,47,0.408,90000.0,853201.6875
nsga2,cap61,C2,48,0.4,45000.0,928426.85
nsga2,cap61,C2,48,0.4,52500.0,908370.725
nsga2,cap61,C2,48,0.4,60000.0,895011.8375
nsga2,cap61,C2,48,0.4,67500.0,883588.7374999999
nsga2,cap61,C2,48,0.4,75000.0,875087.1124999999
nsga2,cap61,C2,49,0.389,52500.0,917812.6625
nsga2,cap61,C2,49,0.389,60000.0,897756.5375
nsga2,cap61,C2,49,0.389,67500.0,881710.1375
nsga2,cap61,C2,49,0.389,75000.0,870287.0375
nsga2,cap61,C2,49,0.389,82500.0,860414.375
nsga2,cap61,C2,50,0.38,52500.0,916163.4625
nsga2,cap61,C2,50,0.38,60000.0,896000.725
nsga2,cap61,C2,50,0.38,67500.0,885902.9625
nsga2,cap61,C2,50,0.38,75000.0,874479.8624999999
nsga2,cap61,C2,50,0.38,82500.0,865363.1124999999
nsga2,cap61,C2,51,0.417,60000.0,901766.2625
nsga2,cap61,C2,51,0.417,67500.0,881710.1375
nsga2,cap61,C2,51,0.417,75000.0,870287.0375
vega,cap61,C3,42,1.445,60000.0,1367084.525
vega,cap61,C3,42,1.445,67500.0,1297134.525
vega,cap61,C3,42,1.445,75000.0,1247303.6625
vega,cap61,C3,43,1.441,60000.0,1392349.2625
vega,cap61,C3,43,1.441,67500.0,1336781.5125
vega,cap61,C3,44,1.461,60000.0,1602006.2125
vega,cap61,C3,44,1.461,67500.0,1320320.225
vega,cap61,C3,44,1.461,75000.0,1312356.0125
vega,cap61,C3,44,1.461,82500.0,1267140.5375
vega,cap61,C3,45,1.412,60000.0,1507891.6375
vega,cap61,C3,45,1.412,67500.0,1309532.8375
vega,cap61,C3,46,1.406,67500.0,1402427.0375
vega,cap61,C3,46,1.406,75000.0,1328348.45
vega,cap61,C3,47,1.407,60000.0,1387782.8875
vega,cap61,C3,47,1.407,67500.0,1309980.175
vega,cap61,C3,48,1.412,60000.0,1353867.6625
vega,cap61,C3,48,1.412,67500.0,1304802.4875
vega,cap61,C3,49,1.508,60000.0,1427916.6375
vega,cap61,C3,49,1.508,67500.0,1375266.375
vega,cap61,C3,49,1.508,75000.0,1363730.6
vega,cap61,C3,50,1.439,60000.0,1567766.85
vega,cap61,C3,50,1.439,67500.0,1406717.875
vega,cap61,C3,50,1.439,75000.0,1389969.7375
vega,cap61,C3,51,1.424,60000.0,1475696.6625
vega,cap61,C3,51,1.424,67500.0,1280754.275
nsga2,cap61,C3,42,2.039,45000.0,936520.5625
nsga2,cap61,C3,42,2.039,52500.0,912010.9375
nsga2,cap61,C3,42,2.039,60000.0,901527.5375
nsga2,cap61,C3,42,2.039,67500.0,881471.4125
nsga2,cap61,C3,42,2.039,75000.0,870071.5875
nsga2,cap61,C3,42,2.039,82500.0,860173.3125
nsga2,cap61,C3,42,2.039,90000.0,854995.9249999999
nsga2,cap61,C3,42,2.039,97500.0,850294.2999999999
nsga2,cap61,C3,43,2.072,45000.0,1049021.8375
nsga2,cap61,C3,43,2.072,52500.0,915947.4625
nsga2,cap61,C3,43,2.072,60000.0,895891.3375
nsga2,cap61,C3,43,2.072,67500.0,884468.2375
nsga2,cap61,C3,43,2.072,75000.0,874319.8624999999
nsga2,cap61,C3,43,2.072,82500.0,865029.1
nsga2,cap61,C3,44,1.772,37500.0,1110588.5125
nsga2,cap61,C3,44,1.772,45000.0,977618.275
nsga2,cap61,C3,44,1.772,52500.0,915947.4625
nsga2,cap61,C3,44,1.772,60000.0,895891.3375
nsga2,cap61,C3,44,1.772,67500.0,881710.1375
nsga2,cap61,C3,44,1.772,75000.0,870346.7125
nsga2,cap61,C3,45,1.656,37500.0,1040724.325
nsga2,cap61,C3,45,1.656,45000.0,931059.625
nsga2,cap61,C3,45,1.656,52500.0,910926.075
nsga2,cap61,C3,45,1.656,60000.0,894680.1875
nsga2,cap61,C3,45,1.656,67500.0,880918.0375
nsga2,cap61,C3,45,1.656,75000.0,869467.2125
nsga2,cap61,C3,45,1.656,82500.0,861223.0375
nsga2,cap61,C3,45,1.656,90000.0,851382.9874999999
nsga2,cap61,C3,45,1.656,97500.0,848188.0
nsga2,cap61,C3,46,1.682,30000.0,1083446.2125
nsga2,cap61,C3,46,1.682,37500.0,932018.6625
nsga2,cap61,C3,46,1.682,45000.0,911962.5375
nsga2,cap61,C3,46,1.682,52500.0,897895.0125
nsga2,cap61,C3,46,1.682,60000.0,886471.9125
nsga2,cap61,C3,46,1.682,67500.0,874675.975
nsga2,cap61,C3,46,1.682,75000.0,871044.0375
nsga2,cap61,C3,46,1.682,82500.0,869217.6
nsga2,cap61,C3,47,1.702,45000.0,1056519.55
nsga2,cap61,C3,47,1.702,52500.0,908519.9125
nsga2,cap61,C3,47,1.702,60000.0,888274.775
nsga2,cap61,C3,47,1.702,67500.0,871402.85
nsga2,cap61,C3,47,1.702,75000.0,863640.0
nsga2,cap61,C3,47,1.702,82500.0,852404.65
nsga2,cap61,C3,47,1.702,90000.0,847752.0
nsga2,cap61,C3,47,1.702,97500.0,844080.6
nsga2,cap61,C3,47,1.702,105000.0,842311.6
nsga2,cap61,C3,47,1.702,112500.0,838471.65
nsga2,cap61,C3,48,1.751,37500.0,934264.85
nsga2,cap61,C3,48,1.751,45000.0,914208.725
nsga2,cap61,C3,48,1.751,52500.0,898162.325
nsga2,cap61,C3,48,1.751,60000.0,884803.4375
nsga2,cap61,C3,48,1.751,67500.0,870681.9125
nsga2,cap61,C3,48,1.751,75000.0,859262.6625
nsga2,cap61,C3,49,1.804,37500.0,1067822.9125
nsga2,cap61,C3,49,1.804,45000.0,929090.15
nsga2,cap61,C3,49,1.804,52500.0,906115.3375
nsga2,cap61,C3,49,1.804,60000.0,883513.85
nsga2,cap61,C3,49,1.804,67500.0,881262.4125
nsga2,cap61,C3,49,1.804,75000.0,869839.3125
nsga2,cap61,C3,49,1.804,82500.0,866086.7625
nsga2,cap61,C3,50,1.75,30000.0,1123153.9
nsga2,cap61,C3,50,1.75,37500.0,990072.8625
nsga2,cap61,C3,50,1.75,45000.0,928426.85
nsga2,cap61,C3,50,1.75,52500.0,908370.725
nsga2,cap61,C3,50,1.75,60000.0,894303.2
nsga2,cap61,C3,50,1.75,67500.0,882880.1
nsga2,cap61,C3,50,1.75,75000.0,875087.1124999999
nsga2,cap61,C3,51,1.749,37500.0,1061501.225
nsga2,cap61,C3,51,1.749,45000.0,928426.85
nsga2,cap61,C3,51,1.749,52500.0,908370.725
nsga2,cap61,C3,51,1.749,60000.0,895891.3375
nsga2,cap61,C3,51,1.749,67500.0,882420.7
nsga2,cap61,C3,51,1.749,75000.0,874765.075
vega,cap62,C1,42,0.086,87500.0,1230253.15
vega,cap62,C1,43,0.111,75000.0,1251219.8
vega,cap62,C1,44,0.106,87500.0,1245387.3375
vega,cap62,C1,45,0.125,87500.0,1253219.8125
vega,cap62,C1,46,0.104,75000.0,1236665.525
vega,cap62,C1,47,0.085,62500.0,1308409.0625
vega,cap62,C1,47,0.085,75000.0,1245775.9125
vega,cap62,C1,48,0.095,75000.0,1231123.575
vega,cap62,C1,49,0.102,87500.0,1360246.425
vega,cap62,C1,50,0.086,75000.0,1323946.3625
vega,cap62,C1,51,0.113,75000.0,1208152.075
vega,cap62,C1,51,0.113,87500.0,1206565.4125
nsga2,cap62,C1,42,0.17,100000.0,949010.85
nsga2,cap62,C1,42,0.17,112500.0,933129.625
nsga2,cap62,C1,42,0.17,125000.0,919851.575
nsga2,cap62,C1,43,0.14,100000.0,941529.5875
nsga2,cap62,C1,43,0.14,112500.0,910275.3375
nsga2,cap62,C1,43,0.14,125000.0,889413.725
nsga2,cap62,C1,43,0.14,137500.0,887440.0
nsga2,cap62,C1,44,0.122,87500.0,919648.8624999999
nsga2,cap62,C1,44,0.122,100000.0,907420.1
nsga2,cap62,C1,44,0.122,112500.0,891705.5499999999
nsga2,cap62,C1,44,0.122,125000.0,888118.9125
nsga2,cap62,C1,45,0.128,87500.0,908905.775
nsga2,cap62,C1,45,0.128,100000.0,888937.0499999999
nsga2,cap62,C1,46,0.123,87500.0,919801.4249999999
nsga2,cap62,C1,46,0.123,100000.0,900569.7875
nsga2,cap62,C1,46,0.123,112500.0,889087.4874999999
nsga2,cap62,C1,47,0.134,75000.0,992065.05
nsga2,cap62,C1,47,0.134,87500.0,904528.5
nsga2,cap62,C1,47,0.134,100000.0,885286.7
nsga2,cap62,C1,47,0.134,112500.0,878643.4625
nsga2,cap62,C1,47,0.134,125000.0,872393.6
nsga2,cap62,C1,48,0.118,62500.0,1282350.575
nsga2,cap62,C1,48,0.118,75000.0,1096336.8375
nsga2,cap62,C1,48,0.118,87500.0,913927.75
nsga2,cap62,C1,48,0.118,100000.0,904570.25
nsga2,cap62,C1,48,0.118,112500.0,899519.6749999999
nsga2,cap62,C1,49,0.124,87500.0,933961.4
nsga2,cap62,C1,49,0.124,100000.0,913373.7374999999
nsga2,cap62,C1,49,0.124,112500.0,900608.1
nsga2,cap62,C1,49,0.124,125000.0,897105.525
nsga2,cap62,C1,49,0.124,137500.0,893085.2625
nsga2,cap62,C1,50,0.12,75000.0,1308748.175
nsga2,cap62,C1,50,0.12,87500.0,960742.2875
nsga2,cap62,C1,50,0.12,100000.0,944486.775
nsga2,cap62,C1,50,0.12,112500.0,938880.6
nsga2,cap62,C1,50,0.12,125000.0,934649.4375
nsga2,cap62,C1,51,0.134,75000.0,1051093.0875
nsga2,cap62,C1,51,0.134,87500.0,928148.9
nsga2,cap62,C1,51,0.134,100000.0,897971.9874999999
nsga2,cap62,C1,51,0.134,112500.0,884494.7
nsga2,cap62,C1,51,0.134,125000.0,872840.0
vega,cap62,C2,42,0.354,87500.0,1116940.0375
vega,cap62,C2,43,0.398,75000.0,1356288.4
vega,cap62,C2,43,0.398,87500.0,1206890.775
vega,cap62,C2,44,0.385,87500.0,1169554.4
vega,cap62,C2,45,0.356,87500.0,1347763.0875
vega,cap62,C2,46,0.364,87500.0,1114880.825
vega,cap62,C2,46,0.364,100000.0,1114576.725
vega,cap62,C2,47,0.358,75000.0,1361155.675
vega,cap62,C2,47,0.358,87500.0,1164289.775
vega,cap62,C2,47,0.358,100000.0,1145770.775
vega,cap62,C2,48,0.353,87500.0,1183840.6875
vega,cap62,C2,49,0.301,87500.0,1261895.8875
vega,cap62,C2,49,0.301,100000.0,1258587.4375
vega,cap62,C2,50,0.353,87500.0,1273382.1125
vega,cap62,C2,51,0.338,87500.0,1357654.725
vega,cap62,C2,51,0.338,100000.0,1336293.125
nsga2,cap62,C2,42,0.524,75000.0,1021337.7625
nsga2,cap62,C2,42,0.524,87500.0,914476.975
nsga2,cap62,C2,42,0.524,100000.0,894276.9249999999
nsga2,cap62,C2,42,0.524,112500.0,880830.6375
nsga2,cap62,C2,42,0.524,125000.0,869407.5375
nsga2,cap62,C2,42,0.524,137500.0,861858.7875
nsga2,cap62,C2,43,0.514,87500.0,922036.5
nsga2,cap62,C2,43,0.514,100000.0,902045.4874999999
nsga2,cap62,C2,43,0.514,112500.0,888068.575
nsga2,cap62,C2,43,0.514,125000.0,872790.0625
nsga2,cap62,C2,43,0.514,137500.0,861366.9625
nsga2,cap62,C2,43,0.514,150000.0,853818.2125
nsga2,cap62,C2,43,0.514,162500.0,849640.5
nsga2,cap62,C2,44,0.451,75000.0,1049478.3375
nsga2,cap62,C2,44,0.451,87500.0,915947.4625
nsga2,cap62,C2,44,0.451,100000.0,895891.3375
nsga2,cap62,C2,44,0.451,112500.0,884468.2375
nsga2,cap62,C2,44,0.451,125000.0,875632.775
nsga2,cap62,C2,44,0.451,137500.0,868084.025
nsga2,cap62,C2,45,0.423,62500.0,1115828.375
nsga2,cap62,C2,45,0.423,75000.0,977887.7875
nsga2,cap62,C2,45,0.423,87500.0,916177.3
nsga2,cap62,C2,45,0.423,100000.0,896120.1375
nsga2,cap62,C2,45,0.423,112500.0,884987.9875
nsga2,cap62,C2,45,0.423,125000.0,874790.6875
nsga2,cap62,C2,45,0.423,137500.0,869577.8125
nsga2,cap62,C2,46,0.463,75000.0,1061405.975
nsga2,cap62,C2,46,0.463,87500.0,937832.0
nsga2,cap62,C2,46,0.463,100000.0,906083.125
nsga2,cap62,C2,46,0.463,112500.0,886027.0
nsga2,cap62,C2,47,0.435,87500.0,1029682.4875
nsga2,cap62,C2,47,0.435,100000.0,906129.55
nsga2,cap62,C2,47,0.435,112500.0,886131.0625
nsga2,cap62,C2,47,0.435,125000.0,881856.2125
nsga2,cap62,C2,47,0.435,137500.0,864690.0875
nsga2,cap62,C2,47,0.435,150000.0,853201.6875
nsga2,cap62,C2,48,0.431,75000.0,928426.85
nsga2,cap62,C2,48,0.431,87500.0,908370.725
nsga2,cap62,C2,48,0.431,100000.0,895011.8375
nsga2,cap62,C2,48,0.431,112500.0,883588.7374999999
nsga2,cap62,C2,48,0.431,125000.0,875087.1124999999
nsga2,cap62,C2,49,0.412,87500.0,917812.6625
nsga2,cap62,C2,49,0.412,100000.0,897756.5375
nsga2,cap62,C2,49,0.412,112500.0,881710.1375
nsga2,cap62,C2,49,0.412,125000.0,870287.0375
nsga2,cap62,C2,49,0.412,137500.0,860414.375
nsga2,cap62,C2,50,0.41,87500.0,916163.4625
nsga2,cap62,C2,50,0.41,100000.0,896000.725
nsga2,cap62,C2,50,0.41,112500.0,885902.9625
nsga2,cap62,C2,50,0.41,125000.0,874479.8624999999
nsga2,cap62,C2,50,0.41,137500.0,865363.1124999999
nsga2,cap62,C2,51,0.443,100000.0,901766.2625
nsga2,cap62,C2,51,0.443,112500.0,881710.1375
nsga2,cap62,C2,51,0.443,125000.0,870287.0375
vega,cap62,C3,42,1.941,100000.0,1367084.525
vega,cap62,C3,42,1.941,112500.0,1297134.525
vega,cap62,C3,42,1.941,125000.0,1247303.6625
vega,cap62,C3,43,1.947,100000.0,1392349.2625
vega,cap62,C3,43,1.947,112500.0,1336781.5125
vega,cap62,C3,44,2.008,100000.0,1602006.2125
vega,cap62,C3,44,2.008,112500.0,1320320.225
vega,cap62,C3,44,2.008,125000.0,1312356.0125
vega,cap62,C3,44,2.008,137500.0,1267140.5375
vega,cap62,C3,45,2.107,100000.0,1507891.6375
vega,cap62,C3,45,2.107,112500.0,1309532.8375
vega,cap62,C3,46,1.965,112500.0,1402427.0375
vega,cap62,C3,46,1.965,125000.0,1328348.45
vega,cap62,C3,47,1.998,100000.0,1387782.8875
vega,cap62,C3,47,1.998,112500.0,1309980.175
vega,cap62,C3,48,2.065,100000.0,1353867.6625
vega,cap62,C3,48,2.065,112500.0,1304802.4875
vega,cap62,C3,49,1.719,100000.0,1427916.6375
vega,cap62,C3,49,1.719,112500.0,1375266.375
vega,cap62,C3,49,1.719,125000.0,1363730.6
vega,cap62,C3,50,1.884,100000.0,1567766.85
vega,cap62,C3,50,1.884,112500.0,1406717.875
vega,cap62,C3,50,1.884,125000.0,1389969.7375
vega,cap62,C3,51,1.921,100000.0,1475696.6625
vega,cap62,C3,51,1.921,112500.0,1280754.275
nsga2,cap62,C3,42,2.699,75000.0,936520.5625
nsga2,cap62,C3,42,2.699,87500.0,912010.9375
nsga2,cap62,C3,42,2.699,100000.0,901527.5375
nsga2,cap62,C3,42,2.699,112500.0,881471.4125
nsga2,cap62,C3,42,2.699,125000.0,870071.5875
nsga2,cap62,C3,42,2.699,137500.0,860173.3125
nsga2,cap62,C3,42,2.699,150000.0,854995.9249999999
nsga2,cap62,C3,42,2.699,162500.0,850294.2999999999
nsga2,cap62,C3,43,2.672,75000.0,1049021.8375
nsga2,cap62,C3,43,2.672,87500.0,915947.4625
nsga2,cap62,C3,43,2.672,100000.0,895891.3375
nsga2,cap62,C3,43,2.672,112500.0,884468.2375
nsga2,cap62,C3,43,2.672,125000.0,874319.8624999999
nsga2,cap62,C3,43,2.672,137500.0,865029.1
nsga2,cap62,C3,44,1.992,62500.0,1110588.5125
nsga2,cap62,C3,44,1.992,75000.0,977618.275
nsga2,cap62,C3,44,1.992,87500.0,915947.4625
nsga2,cap62,C3,44,1.992,100000.0,895891.3375
nsga2,cap62,C3,44,1.992,112500.0,881710.1375
nsga2,cap62,C3,44,1.992,125000.0,870346.7125
nsga2,cap62,C3,45,1.799,62500.0,1040724.325
nsga2,cap62,C3,45,1.799,75000.0,931059.625
nsga2,cap62,C3,45,1.799,87500.0,910926.075
nsga2,cap62,C3,45,1.799,100000.0,894680.1875
nsga2,cap62,C3,45,1.799,112500.0,880918.0375
nsga2,cap62,C3,45,1.799,125000.0,869467.2125
nsga2,cap62,C3,45,1.799,137500.0,861223.0375
nsga2,cap62,C3,45,1.799,150000.0,851382.9874999999
nsga2,cap62,C3,45,1.799,162500.0,848188.0
nsga2,cap62,C3,46,1.766,50000.0,1083446.2125
nsga2,cap62,C3,46,1.766,62500.0,932018.6625
nsga2,cap62,C3,46,1.766,75000.0,911962.5375
nsga2,cap62,C3,46,1.766,87500.0,897895.0125
nsga2,cap62,C3,46,1.766,100000.0,886471.9125
nsga2,cap62,C3,46,1.766,112500.0,874675.975
nsga2,cap62,C3,46,1.766,125000.0,871044.0375
nsga2,cap62,C3,46,1.766,137500.0,869217.6
nsga2,cap62,C3,47,1.737,75000.0,1056519.55
nsga2,cap62,C3,47,1.737,87500.0,908519.9125
nsga2,cap62,C3,47,1.737,100000.0,888274.775
nsga2,cap62,C3,47,1.737,112500.0,871402.85
nsga2,cap62,C3,47,1.737,125000.0,863640.0
nsga2,cap62,C3,47,1.737,137500.0,852404.65
nsga2,cap62,C3,47,1.737,150000.0,847752.0
nsga2,cap62,C3,47,1.737,162500.0,844080.6
nsga2,cap62,C3,47,1.737,175000.0,842311.6
nsga2,cap62,C3,47,1.737,187500.0,838471.65
nsga2,cap62,C3,48,1.883,62500.0,934264.85
nsga2,cap62,C3,48,1.883,75000.0,914208.725
nsga2,cap62,C3,48,1.883,87500.0,898162.325
nsga2,cap62,C3,48,1.883,100000.0,884803.4375
nsga2,cap62,C3,48,1.883,112500.0,870681.9125
nsga2,cap62,C3,48,1.883,125000.0,859262.6625
nsga2,cap62,C3,49,1.874,62500.0,1067822.9125
nsga2,cap62,C3,49,1.874,75000.0,929090.15
nsga2,cap62,C3,49,1.874,87500.0,906115.3375
nsga2,cap62,C3,49,1.874,100000.0,883513.85
nsga2,cap62,C3,49,1.874,112500.0,881262.4125
nsga2,cap62,C3,49,1.874,125000.0,869839.3125
nsga2,cap62,C3,49,1.874,137500.0,866086.7625
nsga2,cap62,C3,50,1.846,50000.0,1123153.9
nsga2,cap62,C3,50,1.846,62500.0,990072.8625
nsga2,cap62,C3,50,1.846,75000.0,928426.85
nsga2,cap62,C3,50,1.846,87500.0,908370.725
nsga2,cap62,C3,50,1.846,100000.0,894303.2
nsga2,cap62,C3,50,1.846,112500.0,882880.1
nsga2,cap62,C3,50,1.846,125000.0,875087.1124999999
nsga2,cap62,C3,51,1.846,62500.0,1061501.225
nsga2,cap62,C3,51,1.846,75000.0,928426.85
nsga2,cap62,C3,51,1.846,87500.0,908370.725
nsga2,cap62,C3,51,1.846,100000.0,895891.3375
nsga2,cap62,C3,51,1.846,112500.0,882420.7
nsga2,cap62,C3,51,1.846,125000.0,874765.075
vega,cap101,C1,42,0.092,30000.0,1105033.2125
vega,cap101,C1,43,0.128,37500.0,1134326.475
vega,cap101,C1,44,0.1,52500.0,1138055.5625
vega,cap101,C1,45,0.098,30000.0,1176494.7125
vega,cap101,C1,45,0.098,37500.0,1085164.475
vega,cap101,C1,46,0.111,37500.0,1080616.2125
vega,cap101,C1,47,0.122,37500.0,1177948.8875
vega,cap101,C1,48,0.107,37500.0,1141292.0125
vega,cap101,C1,49,0.104,37500.0,1175093.0125
vega,cap101,C1,50,0.088,37500.0,1167402.375
vega,cap101,C1,51,0.102,37500.0,1113470.675
nsga2,cap101,C1,42,0.145,60000.0,851762.7875
nsga2,cap101,C1,42,0.145,67500.0,847897.0875
nsga2,cap101,C1,42,0.145,75000.0,845179.9625
nsga2,cap101,C1,43,0.134,52500.0,832752.6875
nsga2,cap101,C1,43,0.134,60000.0,811044.6875
nsga2,cap101,C1,43,0.134,67500.0,796628.6625
nsga2,cap101,C1,43,0.134,75000.0,781842.5375
nsga2,cap101,C1,43,0.134,82500.0,772962.0375
nsga2,cap101,C1,43,0.134,90000.0,770137.6124999999
nsga2,cap101,C1,43,0.134,97500.0,768272.8125
nsga2,cap101,C1,44,0.125,60000.0,866525.5875
nsga2,cap101,C1,44,0.125,67500.0,843929.5
nsga2,cap101,C1,44,0.125,75000.0,832186.8625
nsga2,cap101,C1,44,0.125,82500.0,829896.6625
nsga2,cap101,C1,45,0.128,45000.0,911178.5375
nsga2,cap101,C1,45,0.128,52500.0,852361.5875
nsga2,cap101,C1,45,0.128,60000.0,837117.7625
nsga2,cap101,C1,45,0.128,67500.0,828884.6375
nsga2,cap101,C1,46,0.128,45000.0,856850.9125
nsga2,cap101,C1,46,0.128,52500.0,831659.0
nsga2,cap101,C1,46,0.128,60000.0,795911.775
nsga2,cap101,C1,46,0.128,67500.0,784852.0
nsga2,cap101,C1,46,0.128,75000.0,777784.6375
nsga2,cap101,C1,47,0.134,60000.0,846271.5375
nsga2,cap101,C1,47,0.134,67500.0,832947.6875
nsga2,cap101,C1,47,0.134,75000.0,822393.9375
nsga2,cap101,C1,47,0.134,82500.0,810654.5375
nsga2,cap101,C1,47,0.134,90000.0,802673.925
nsga2,cap101,C1,47,0.134,97500.0,794503.6875
nsga2,cap101,C1,48,0.117,60000.0,824882.2125
nsga2,cap101,C1,48,0.117,67500.0,809828.7625
nsga2,cap101,C1,48,0.117,75000.0,796254.375
nsga2,cap101,C1,48,0.117,82500.0,781559.65
nsga2,cap101,C1,48,0.117,90000.0,776003.4875
nsga2,cap101,C1,49,0.131,60000.0,853987.375
nsga2,cap101,C1,49,0.131,67500.0,838912.1625
nsga2,cap101,C1,49,0.131,75000.0,827545.5625
nsga2,cap101,C1,50,0.114,37500.0,924861.1875
nsga2,cap101,C1,50,0.114,45000.0,875049.1375
nsga2,cap101,C1,50,0.114,52500.0,849218.525
nsga2,cap101,C1,50,0.114,60000.0,836166.4375
nsga2,cap101,C1,50,0.114,67500.0,829477.65
nsga2,cap101,C1,50,0.114,75000.0,819214.45
nsga2,cap101,C1,51,0.123,37500.0,998396.275
nsga2,cap101,C1,51,0.123,45000.0,968442.6
nsga2,cap101,C1,51,0.123,52500.0,820859.3125
nsga2,cap101,C1,51,0.123,60000.0,809050.15
nsga2,cap101,C1,51,0.123,67500.0,798715.2125
vega,cap101,C2,42,0.296,30000.0,1154139.25
vega,cap101,C2,43,0.365,22500.0,1131582.75
vega,cap101,C2,44,0.291,22500.0,1108267.175
vega,cap101,C2,45,0.308,22500.0,1244865.0875
vega,cap101,C2,46,0.331,30000.0,1196252.475
vega,cap101,C2,47,0.298,30000.0,1100046.6
vega,cap101,C2,48,0.332,22500.0,1201294.3125
vega,cap101,C2,49,0.342,30000.0,1119247.2625
vega,cap101,C2,50,0.368,30000.0,1094355.3
vega,cap101,C2,51,0.342,30000.0,1132656.8125
nsga2,cap101,C2,42,0.467,60000.0,904965.6
nsga2,cap101,C2,42,0.467,67500.0,770731.6625
nsga2,cap101,C2,42,0.467,75000.0,759226.1124999999
nsga2,cap101,C2,42,0.467,82500.0,754438.7875
nsga2,cap101,C2,43,0.476,52500.0,826926.7999999999
nsga2,cap101,C2,43,0.476,60000.0,795882.2625
nsga2,cap101,C2,43,0.476,67500.0,785023.0875
nsga2,cap101,C2,43,0.476,75000.0,771354.0
nsga2,cap101,C2,43,0.476,82500.0,759501.0625
nsga2,cap101,C2,43,0.476,90000.0,746044.2
nsga2,cap101,C2,43,0.476,97500.0,739387.0
nsga2,cap101,C2,44,0.437,60000.0,852286.375
nsga2,cap101,C2,44,0.437,67500.0,829931.2375
nsga2,cap101,C2,44,0.437,75000.0,811745.7125
nsga2,cap101,C2,44,0.437,82500.0,794964.625
nsga2,cap101,C2,44,0.437,90000.0,788060.9375
nsga2,cap101,C2,44,0.437,97500.0,785001.5375
nsga2,cap101,C2,44,0.437,105000.0,782322.35
nsga2,cap101,C2,44,0.437,112500.0,780474.65
nsga2,cap101,C2,45,0.408,52500.0,904525.775
nsga2,cap101,C2,45,0.408,60000.0,845771.5125
nsga2,cap101,C2,45,0.408,67500.0,828583.45
nsga2,cap101,C2,45,0.408,75000.0,810949.25
nsga2,cap101,C2,45,0.408,82500.0,799526.15
nsga2,cap101,C2,45,0.408,90000.0,790502.1
nsga2,cap101,C2,46,0.396,45000.0,888348.2875
nsga2,cap101,C2,46,0.396,52500.0,832524.1375
nsga2,cap101,C2,46,0.396,60000.0,809853.5625
nsga2,cap101,C2,46,0.396,67500.0,797332.8624999999
nsga2,cap101,C2,46,0.396,75000.0,784010.2625
nsga2,cap101,C2,46,0.396,82500.0,772646.8375
nsga2,cap101,C2,46,0.396,90000.0,763175.925
nsga2,cap101,C2,47,0.4,45000.0,838903.15
nsga2,cap101,C2,47,0.4,52500.0,825290.4375
nsga2,cap101,C2,47,0.4,60000.0,802260.6875
nsga2,cap101,C2,47,0.4,67500.0,784504.4625
nsga2,cap101,C2,47,0.4,75000.0,773091.3624999999
nsga2,cap101,C2,47,0.4,82500.0,762182.3125
nsga2,cap101,C2,47,0.4,90000.0,758807.0
nsga2,cap101,C2,48,0.375,37500.0,924297.4875
nsga2,cap101,C2,48,0.375,45000.0,868265.7125
nsga2,cap101,C2,48,0.375,52500.0,820768.4
nsga2,cap101,C2,48,0.375,60000.0,806377.9
nsga2,cap101,C2,48,0.375,67500.0,795917.4
nsga2,cap101,C2,48,0.375,75000.0,785827.0625
nsga2,cap101,C2,48,0.375,82500.0,777632.3375
nsga2,cap101,C2,49,0.397,52500.0,859710.975
nsga2,cap101,C2,49,0.397,60000.0,848287.875
nsga2,cap101,C2,49,0.397,67500.0,837357.6375
nsga2,cap101,C2,49,0.397,75000.0,829808.8875
nsga2,cap101,C2,49,0.397,82500.0,823333.8625
nsga2,cap101,C2,50,0.403,52500.0,963247.2125
nsga2,cap101,C2,50,0.403,60000.0,799334.775
nsga2,cap101,C2,50,0.403,67500.0,784728.225
nsga2,cap101,C2,50,0.403,75000.0,775519.825
nsga2,cap101,C2,50,0.403,82500.0,769003.875
nsga2,cap101,C2,50,0.403,90000.0,766736.5875
nsga2,cap101,C2,51,0.416,67500.0,785290.1124999999
nsga2,cap101,C2,51,0.416,75000.0,774550.7375
nsga2,cap101,C2,51,0.416,82500.0,767241.2125
nsga2,cap101,C2,51,0.416,90000.0,763488.6625
nsga2,cap101,C2,51,0.416,97500.0,760997.575
vega,cap101,C3,42,1.27,22500.0,1203249.525
vega,cap101,C3,43,1.255,22500.0,1203615.625
vega,cap101,C3,44,1.266,22500.0,1140891.3625
vega,cap101,C3,45,1.339,22500.0,1181486.325
vega,cap101,C3,46,1.239,22500.0,1187890.9125
vega,cap101,C3,47,1.351,22500.0,1123956.9875
vega,cap101,C3,48,1.259,22500.0,1217683.125
vega,cap101,C3,49,1.235,22500.0,1130229.6125
vega,cap101,C3,50,1.31,22500.0,1217008.8
vega,cap101,C3,51,1.251,22500.0,1158449.825
nsga2,cap101,C3,42,1.876,30000.0,996986.9
nsga2,cap101,C3,42,1.876,37500.0,848785.1749999999
nsga2,cap101,C3,42,1.876,45000.0,823459.9
nsga2,cap101,C3,42,1.876,52500.0,784661.0
nsga2,cap101,C3,42,1.876,60000.0,770545.275
nsga2,cap101,C3,42,1.876,67500.0,759122.175
nsga2,cap101,C3,42,1.876,75000.0,749944.675
nsga2,cap101,C3,42,1.876,82500.0,745131.4
nsga2,cap101,C3,42,1.876,90000.0,741393.05
nsga2,cap101,C3,42,1.876,97500.0,738910.025
nsga2,cap101,C3,43,1.918,37500.0,1011826.6875
nsga2,cap101,C3,43,1.918,45000.0,870999.4
nsga2,cap101,C3,43,1.918,52500.0,805174.6
nsga2,cap101,C3,43,1.918,60000.0,784048.85
nsga2,cap101,C3,43,1.918,67500.0,776969.9874999999
nsga2,cap101,C3,43,1.918,75000.0,765507.8375
nsga2,cap101,C3,43,1.918,82500.0,756180.8875
nsga2,cap101,C3,43,1.918,90000.0,751697.0875
nsga2,cap101,C3,43,1.918,97500.0,750318.95
nsga2,cap101,C3,44,1.61,30000.0,995651.925
nsga2,cap101,C3,44,1.61,37500.0,846765.9249999999
nsga2,cap101,C3,44,1.61,45000.0,817556.425
nsga2,cap101,C3,44,1.61,52500.0,805330.15
nsga2,cap101,C3,44,1.61,60000.0,793721.175
nsga2,cap101,C3,44,1.61,67500.0,785087.8375
nsga2,cap101,C3,44,1.61,75000.0,771693.9625
nsga2,cap101,C3,44,1.61,82500.0,760690.025
nsga2,cap101,C3,44,1.61,90000.0,751329.725
nsga2,cap101,C3,44,1.61,97500.0,743780.975
nsga2,cap101,C3,44,1.61,105000.0,736410.425
nsga2,cap101,C3,45,1.594,37500.0,894215.475
nsga2,cap101,C3,45,1.594,45000.0,834409.1
nsga2,cap101,C3,45,1.594,52500.0,820130.6875
nsga2,cap101,C3,45,1.594,60000.0,797103.95
nsga2,cap101,C3,45,1.594,67500.0,774022.0125
nsga2,cap101,C3,45,1.594,75000.0,761216.1625
nsga2,cap101,C3,45,1.594,82500.0,751115.1
nsga2,cap101,C3,45,1.594,90000.0,746478.575
nsga2,cap101,C3,45,1.594,97500.0,745165.9625
nsga2,cap101,C3,46,1.562,45000.0,965165.1
nsga2,cap101,C3,46,1.562,52500.0,813672.925
nsga2,cap101,C3,46,1.562,60000.0,788287.125
nsga2,cap101,C3,46,1.562,67500.0,771118.825
nsga2,cap101,C3,46,1.562,75000.0,759573.1125
nsga2,cap101,C3,46,1.562,82500.0,749054.0
nsga2,cap101,C3,46,1.562,90000.0,736719.0375
nsga2,cap101,C3,46,1.562,97500.0,729570.2125
nsga2,cap101,C3,46,1.562,105000.0,727669.9625
nsga2,cap101,C3,46,1.562,112500.0,724308.5625
nsga2,cap101,C3,47,1.576,30000.0,861334.7
nsga2,cap101,C3,47,1.576,37500.0,822533.6
nsga2,cap101,C3,47,1.576,45000.0,802767.5125
nsga2,cap101,C3,47,1.576,52500.0,780833.725
nsga2,cap101,C3,47,1.576,60000.0,766822.85
nsga2,cap101,C3,47,1.576,67500.0,752488.2625
nsga2,cap101,C3,47,1.576,75000.0,739921.7125
nsga2,cap101,C3,47,1.576,82500.0,731970.2875
nsga2,cap101,C3,47,1.576,90000.0,723588.2625
nsga2,cap101,C3,47,1.576,97500.0,716647.5
nsga2,cap101,C3,48,1.519,37500.0,1066520.9125
nsga2,cap101,C3,48,1.519,45000.0,976856.05
nsga2,cap101,C3,48,1.519,52500.0,824992.225
nsga2,cap101,C3,48,1.519,60000.0,799435.8625
nsga2,cap101,C3,48,1.519,67500.0,786862.6875
nsga2,cap101,C3,48,1.519,75000.0,771430.325
nsga2,cap101,C3,48,1.519,82500.0,753519.9875
nsga2,cap101,C3,48,1.519,90000.0,740794.15
nsga2,cap101,C3,48,1.519,97500.0,730233.45
nsga2,cap101,C3,48,1.519,105000.0,720478.8125
nsga2,cap101,C3,48,1.519,112500.0,715968.0
nsga2,cap101,C3,48,1.519,120000.0,711917.625
nsga2,cap101,C3,48,1.519,127500.0,711409.075
nsga2,cap101,C3,49,1.593,30000.0,988772.725
nsga2,cap101,C3,49,1.593,37500.0,878872.6875
nsga2,cap101,C3,49,1.593,45000.0,822569.5625
nsga2,cap101,C3,49,1.593,52500.0,800610.975
nsga2,cap101,C3,49,1.593,60000.0,784718.475
nsga2,cap101,C3,49,1.593,67500.0,772848.525
nsga2,cap101,C3,49,1.593,75000.0,761540.1125
nsga2,cap101,C3,49,1.593,82500.0,752330.525
nsga2,cap101,C3,49,1.593,90000.0,746073.8
nsga2,cap101,C3,50,1.586,37500.0,967025.6375
nsga2,cap101,C3,50,1.586,45000.0,839912.825
nsga2,cap101,C3,50,1.586,52500.0,798634.4625
nsga2,cap101,C3,50,1.586,60000.0,772820.8875
nsga2,cap101,C3,50,1.586,67500.0,755631.6875
nsga2,cap101,C3,50,1.586,75000.0,743578.0499999999
nsga2,cap101,C3,50,1.586,82500.0,734426.6749999999
nsga2,cap101,C3,50,1.586,90000.0,727879.825
nsga2,cap101,C3,50,1.586,97500.0,722825.95
nsga2,cap101,C3,50,1.586,105000.0,722129.9
nsga2,cap101,C3,51,1.586,45000.0,866753.95
nsga2,cap101,C3,51,1.586,52500.0,849088.85
nsga2,cap101,C3,51,1.586,60000.0,828925.4
nsga2,cap101,C3,51,1.586,67500.0,813898.7875
nsga2,cap101,C3,51,1.586,75000.0,802475.6875
nsga2,cap101,C3,51,1.586,82500.0,793324.2875
nsga2,cap101,C3,51,1.586,90000.0,788281.2875
nsga2,cap101,C3,51,1.586,97500.0,783377.8125
vega,cap102,C1,42,0.107,50000.0,1105033.2125
vega,cap102,C1,43,0.101,62500.0,1134326.475
vega,cap102,C1,44,0.122,87500.0,1138055.5625
vega,cap102,C1,45,0.093,50000.0,1176494.7125
vega,cap102,C1,45,0.093,62500.0,1085164.475
vega,cap102,C1,46,0.089,62500.0,1080616.2125
vega,cap102,C1,47,0.112,62500.0,1177948.8875
vega,cap102,C1,48,0.098,62500.0,1141292.0125
vega,cap102,C1,49,0.098,62500.0,1175093.0125
vega,cap102,C1,50,0.11,62500.0,1167402.375
vega,cap102,C1,51,0.098,62500.0,1113470.675
nsga2,cap102,C1,42,0.127,100000.0,851762.7875
nsga2,cap102,C1,42,0.127,112500.0,847897.0875
nsga2,cap102,C1,42,0.127,125000.0,845179.9625
nsga2,cap102,C1,43,0.127,87500.0,832752.6875
nsga2,cap102,C1,43,0.127,100000.0,811044.6875
nsga2,cap102,C1,43,0.127,112500.0,796628.6625
nsga2,cap102,C1,43,0.127,125000.0,781842.5375
nsga2,cap102,C1,43,0.127,137500.0,772962.0375
nsga2,cap102,C1,43,0.127,150000.0,770137.6124999999
nsga2,cap102,C1,43,0.127,162500.0,768272.8125
nsga2,cap102,C1,44,0.117,100000.0,866525.5875
nsga2,cap102,C1,44,0.117,112500.0,843929.5
nsga2,cap102,C1,44,0.117,125000.0,832186.8625
nsga2,cap102,C1,44,0.117,137500.0,829896.6625
nsga2,cap102,C1,45,0.123,75000.0,911178.5375
nsga2,cap102,C1,45,0.123,87500.0,852361.5875
nsga2,cap102,C1,45,0.123,100000.0,837117.7625
nsga2,cap102,C1,45,0.123,112500.0,828884.6375
nsga2,cap102,C1,46,0.114,75000.0,856850.9125
nsga2,cap102,C1,46,0.114,87500.0,831659.0
nsga2,cap102,C1,46,0.114,100000.0,795911.775
nsga2,cap102,C1,46,0.114,112500.0,784852.0
nsga2,cap102,C1,46,0.114,125000.0,777784.6375
nsga2,cap102,C1,47,0.112,100000.0,846271.5375
nsga2,cap102,C1,47,0.112,112500.0,832947.6875
nsga2,cap102,C1,47,0.112,125000.0,822393.9375
nsga2,cap102,C1,47,0.112,137500.0,810654.5375
nsga2,cap102,C1,47,0.112,150000.0,802673.925
nsga2,cap102,C1,47,0.112,162500.0,794503.6875
nsga2,cap102,C1,48,0.12,100000.0,824882.2125
nsga2,cap102,C1,48,0.12,112500.0,809828.7625
nsga2,cap102,C1,48,0.12,125000.0,796254.375
nsga2,cap102,C1,48,0.12,137500.0,781559.65
nsga2,cap102,C1,48,0.12,150000.0,776003.4875
nsga2,cap102,C1,49,0.114,100000.0,853987.375
nsga2,cap102,C1,49,0.114,112500.0,838912.1625
nsga2,cap102,C1,49,0.114,125000.0,827545.5625
nsga2,cap102,C1,50,0.11,62500.0,924861.1875
nsga2,cap102,C1,50,0.11,75000.0,875049.1375
nsga2,cap102,C1,50,0.11,87500.0,849218.525
nsga2,cap102,C1,50,0.11,100000.0,836166.4375
nsga2,cap102,C1,50,0.11,112500.0,829477.65
nsga2,cap102,C1,50,0.11,125000.0,819214.45
nsga2,cap102,C1,51,0.113,62500.0,998396.275
nsga2,cap102,C1,51,0.113,75000.0,968442.6
nsga2,cap102,C1,51,0.113,87500.0,820859.3125
nsga2,cap102,C1,51,0.113,100000.0,809050.15
nsga2,cap102,C1,51,0.113,112500.0,798715.2125
vega,cap102,C2,42,0.286,50000.0,1154139.25
vega,cap102,C2,43,0.308,37500.0,1131582.75
vega,cap102,C2,44,0.353,37500.0,1108267.175
vega,cap102,C2,45,0.291,37500.0,1244865.0875
vega,cap102,C2,46,0.304,50000.0,1196252.475
vega,cap102,C2,47,0.36,50000.0,1100046.6
vega,cap102,C2,48,0.309,37500.0,1201294.3125
vega,cap102,C2,49,0.339,50000.0,1119247.2625
vega,cap102,C2,50,0.335,50000.0,1094355.3
vega,cap102,C2,51,0.291,50000.0,1132656.8125
nsga2,cap102,C2,42,0.47,100000.0,904965.6
nsga2,cap102,C2,42,0.47,112500.0,770731.6625
nsga2,cap102,C2,42,0.47,125000.0,759226.1124999999
nsga2,cap102,C2,42,0.47,137500.0,754438.7875
nsga2,cap102,C2,43,0.431,87500.0,826926.7999999999
nsga2,cap102,C2,43,0.431,100000.0,795882.2625
nsga2,cap102,C2,43,0.431,112500.0,785023.0875
nsga2,cap102,C2,43,0.431,125000.0,771354.0
nsga2,cap102,C2,43,0.431,137500.0,759501.0625
nsga2,cap102,C2,43,0.431,150000.0,746044.2
nsga2,cap102,C2,43,0.431,162500.0,739387.0
nsga2,cap102,C2,44,0.395,100000.0,852286.375
nsga2,cap102,C2,44,0.395,112500.0,829931.2375
nsga2,cap102,C2,44,0.395,125000.0,811745.7125
nsga2,cap102,C2,44,0.395,137500.0,794964.625
nsga2,cap102,C2,44,0.395,150000.0,788060.9375
nsga2,cap102,C2,44,0.395,162500.0,785001.5375
nsga2,cap102,C2,44,0.395,175000.0,782322.35
nsga2,cap102,C2,44,0.395,187500.0,780474.65
nsga2,cap102,C2,45,0.429,87500.0,904525.775
nsga2,cap102,C2,45,0.429,100000.0,845771.5125
nsga2,cap102,C2,45,0.429,112500.0,828583.45
nsga2,cap102,C2,45,0.429,125000.0,810949.25
nsga2,cap102,C2,45,0.429,137500.0,799526.15
nsga2,cap102,C2,45,0.429,150000.0,790502.1
nsga2,cap102,C2,46,0.391,75000.0,888348.2875
nsga2,cap102,C2,46,0.391,87500.0,832524.1375
nsga2,cap102,C2,46,0.391,100000.0,809853.5625
nsga2,cap102,C2,46,0.391,112500.0,797332.8624999999
nsga2,cap102,C2,46,0.391,125000.0,784010.2625
nsga2,cap102,C2,46,0.391,137500.0,772646.8375
nsga2,cap102,C2,46,0.391,150000.0,763175.925
nsga2,cap102,C2,47,0.406,75000.0,838903.15
nsga2,cap102,C2,47,0.406,87500.0,825290.4375
nsga2,cap102,C2,47,0.406,100000.0,802260.6875
nsga2,cap102,C2,47,0.406,112500.0,784504.4625
nsga2,cap102,C2,47,0.406,125000.0,773091.3624999999
nsga2,cap102,C2,47,0.406,137500.0,762182.3125
nsga2,cap102,C2,47,0.406,150000.0,758807.0
nsga2,cap102,C2,48,0.374,62500.0,924297.4875
nsga2,cap102,C2,48,0.374,75000.0,868265.7125
nsga2,cap102,C2,48,0.374,87500.0,820768.4
nsga2,cap102,C2,48,0.374,100000.0,806377.9
nsga2,cap102,C2,48,0.374,112500.0,795917.4
nsga2,cap102,C2,48,0.374,125000.0,785827.0625
nsga2,cap102,C2,48,0.374,137500.0,777632.3375
nsga2,cap102,C2,49,0.387,87500.0,859710.975
nsga2,cap102,C2,49,0.387,100000.0,848287.875
nsga2,cap102,C2,49,0.387,112500.0,837357.6375
nsga2,cap102,C2,49,0.387,125000.0,829808.8875
nsga2,cap102,C2,49,0.387,137500.0,823333.8625
nsga2,cap102,C2,50,0.438,87500.0,963247.2125
nsga2,cap102,C2,50,0.438,100000.0,799334.775
nsga2,cap102,C2,50,0.438,112500.0,784728.225
nsga2,cap102,C2,50,0.438,125000.0,775519.825
nsga2,cap102,C2,50,0.438,137500.0,769003.875
nsga2,cap102,C2,50,0.438,150000.0,766736.5875
nsga2,cap102,C2,51,0.423,112500.0,785290.1124999999
nsga2,cap102,C2,51,0.423,125000.0,774550.7375
nsga2,cap102,C2,51,0.423,137500.0,767241.2125
nsga2,cap102,C2,51,0.423,150000.0,763488.6625
nsga2,cap102,C2,51,0.423,162500.0,760997.575
vega,cap102,C3,42,1.215,37500.0,1203249.525
vega,cap102,C3,43,1.275,37500.0,1203615.625
vega,cap102,C3,44,1.26,37500.0,1140891.3625
vega,cap102,C3,45,1.315,37500.0,1181486.325
vega,cap102,C3,46,1.197,37500.0,1187890.9125
vega,cap102,C3,47,1.177,37500.0,1123956.9875
vega,cap102,C3,48,1.252,37500.0,1217683.125
vega,cap102,C3,49,1.186,37500.0,1130229.6125
vega,cap102,C3,50,1.332,37500.0,1217008.8
vega,cap102,C3,51,1.262,37500.0,1158449.825
nsga2,cap102,C3,42,1.841,50000.0,996986.9
nsga2,cap102,C3,42,1.841,62500.0,848785.1749999999
nsga2,cap102,C3,42,1.841,75000.0,823459.9
nsga2,cap102,C3,42,1.841,87500.0,784661.0
nsga2,cap102,C3,42,1.841,100000.0,770545.275
nsga2,cap102,C3,42,1.841,112500.0,759122.175
nsga2,cap102,C3,42,1.841,125000.0,749944.675
nsga2,cap102,C3,42,1.841,137500.0,745131.4
nsga2,cap102,C3,42,1.841,150000.0,741393.05
nsga2,cap102,C3,42,1.841,162500.0,738910.025
nsga2,cap102,C3,43,1.949,62500.0,1011826.6875
nsga2,cap102,C3,43,1.949,75000.0,870999.4
nsga2,cap102,C3,43,1.949,87500.0,805174.6
nsga2,cap102,C3,43,1.949,100000.0,784048.85
nsga2,cap102,C3,43,1.949,112500.0,776969.9874999999
nsga2,cap102,C3,43,1.949,125000.0,765507.8375
nsga2,cap102,C3,43,1.949,137500.0,756180.8875
nsga2,cap102,C3,43,1.949,150000.0,751697.0875
nsga2,cap102,C3,43,1.949,162500.0,750318.95
nsga2,cap102,C3,44,1.574,50000.0,995651.925
nsga2,cap102,C3,44,1.574,62500.0,846765.9249999999
nsga2,cap102,C3,44,1.574,75000.0,817556.425
nsga2,cap102,C3,44,1.574,87500.0,805330.15
nsga2,cap102,C3,44,1.574,100000.0,793721.175
nsga2,cap102,C3,44,1.574,112500.0,785087.8375
nsga2,cap102,C3,44,1.574,125000.0,771693.9625
nsga2,cap102,C3,44,1.574,137500.0,760690.025
nsga2,cap102,C3,44,1.574,150000.0,751329.725
nsga2,cap102,C3,44,1.574,162500.0,743780.975
nsga2,cap102,C3,44,1.574,175000.0,736410.425
nsga2,cap102,C3,45,1.635,62500.0,894215.475
nsga2,cap102,C3,45,1.635,75000.0,834409.1
nsga2,cap102,C3,45,1.635,87500.0,820130.6875
nsga2,cap102,C3,45,1.635,100000.0,797103.95
nsga2,cap102,C3,45,1.635,112500.0,774022.0125
nsga2,cap102,C3,45,1.635,125000.0,761216.1625
nsga2,cap102,C3,45,1.635,137500.0,751115.1
nsga2,cap102,C3,45,1.635,150000.0,746478.575
nsga2,cap102,C3,45,1.635,162500.0,745165.9625
nsga2,cap102,C3,46,1.587,75000.0,965165.1
nsga2,cap102,C3,46,1.587,87500.0,813672.925
nsga2,cap102,C3,46,1.587,100000.0,788287.125
nsga2,cap102,C3,46,1.587,112500.0,771118.825
nsga2,cap102,C3,46,1.587,125000.0,759573.1125
nsga2,cap102,C3,46,1.587,137500.0,749054.0
nsga2,cap102,C3,46,1.587,150000.0,736719.0375
nsga2,cap102,C3,46,1.587,162500.0,729570.2125
nsga2,cap102,C3,46,1.587,175000.0,727669.9625
nsga2,cap102,C3,46,1.587,187500.0,724308.5625
nsga2,cap102,C3,47,1.572,50000.0,861334.7
nsga2,cap102,C3,47,1.572,62500.0,822533.6
nsga2,cap102,C3,47,1.572,75000.0,802767.5125
nsga2,cap102,C3,47,1.572,87500.0,780833.725
nsga2,cap102,C3,47,1.572,100000.0,766822.85
nsga2,cap102,C3,47,1.572,112500.0,752488.2625
nsga2,cap102,C3,47,1.572,125000.0,739921.7125
nsga2,cap102,C3,47,1.572,137500.0,731970.2875
nsga2,cap102,C3,47,1.572,150000.0,723588.2625
nsga2,cap102,C3,47,1.572,162500.0,716647.5
nsga2,cap102,C3,48,1.554,62500.0,1066520.9125
nsga2,cap102,C3,48,1.554,75000.0,976856.05
nsga2,cap102,C3,48,1.554,87500.0,824992.225
nsga2,cap102,C3,48,1.554,100000.0,799435.8625
nsga2,cap102,C3,48,1.554,112500.0,786862.6875
nsga2,cap102,C3,48,1.554,125000.0,771430.325
nsga2,cap102,C3,48,1.554,137500.0,753519.9875
nsga2,cap102,C3,48,1.554,150000.0,740794.15
nsga2,cap102,C3,48,1.554,162500.0,730233.45
nsga2,cap102,C3,48,1.554,175000.0,720478.8125
nsga2,cap102,C3,48,1.554,187500.0,715968.0
nsga2,cap102,C3,48,1.554,200000.0,711917.625
nsga2,cap102,C3,48,1.554,212500.0,711409.075
nsga2,cap102,C3,49,1.57,50000.0,988772.725
nsga2,cap102,C3,49,1.57,62500.0,878872.6875
nsga2,cap102,C3,49,1.57,75000.0,822569.5625
nsga2,cap102,C3,49,1.57,87500.0,800610.975
nsga2,cap102,C3,49,1.57,100000.0,784718.475
nsga2,cap102,C3,49,1.57,112500.0,772848.525
nsga2,cap102,C3,49,1.57,125000.0,761540.1125
nsga2,cap102,C3,49,1.57,137500.0,752330.525
nsga2,cap102,C3,49,1.57,150000.0,746073.8
nsga2,cap102,C3,50,1.557,62500.0,967025.6375
nsga2,cap102,C3,50,1.557,75000.0,839912.825
nsga2,cap102,C3,50,1.557,87500.0,798634.4625
nsga2,cap102,C3,50,1.557,100000.0,772820.8875
nsga2,cap102,C3,50,1.557,112500.0,755631.6875
nsga2,cap102,C3,50,1.557,125000.0,743578.0499999999
nsga2,cap102,C3,50,1.557,137500.0,734426.6749999999
nsga2,cap102,C3,50,1.557,150000.0,727879.825
nsga2,cap102,C3,50,1.557,162500.0,722825.95
nsga2,cap102,C3,50,1.557,175000.0,722129.9
nsga2,cap102,C3,51,1.671,75000.0,866753.95
nsga2,cap102,C3,51,1.671,87500.0,849088.85
nsga2,cap102,C3,51,1.671,100000.0,828925.4
nsga2,cap102,C3,51,1.671,112500.0,813898.7875
nsga2,cap102,C3,51,1.671,125000.0,802475.6875
nsga2,cap102,C3,51,1.671,137500.0,793324.2875
nsga2,cap102,C3,51,1.671,150000.0,788281.2875
nsga2,cap102,C3,51,1.671,162500.0,783377.8125
vega,cap121,C1,42,0.121,52500.0,1266359.9125
vega,cap121,C1,43,0.129,60000.0,1194021.7125
vega,cap121,C1,43,0.129,67500.0,1170741.3625
vega,cap121,C1,44,0.122,52500.0,1242589.025
vega,cap121,C1,44,0.122,60000.0,1177122.875
vega,cap121,C1,45,0.123,52500.0,1396605.525
vega,cap121,C1,45,0.123,60000.0,1228504.5374999999
vega,cap121,C1,46,0.106,52500.0,1194178.025
vega,cap121,C1,47,0.129,60000.0,1164553.55
vega,cap121,C1,48,0.131,52500.0,1208088.8625
vega,cap121,C1,48,0.131,60000.0,1194671.5999999999
vega,cap121,C1,49,0.122,45000.0,1426232.5625
vega,cap121,C1,49,0.122,52500.0,1254346.875
vega,cap121,C1,50,0.118,52500.0,1168776.275
vega,cap121,C1,51,0.133,52500.0,1326375.825
vega,cap121,C1,51,0.133,60000.0,1121301.85
nsga2,cap121,C1,42,0.15,52500.0,2119515.7875
nsga2,cap121,C1,42,0.15,60000.0,868046.5625
nsga2,cap121,C1,42,0.15,67500.0,830650.475
nsga2,cap121,C1,42,0.15,75000.0,814263.25
nsga2,cap121,C1,43,0.136,67500.0,860597.8375
nsga2,cap121,C1,43,0.136,75000.0,852667.025
nsga2,cap121,C1,43,0.136,82500.0,842602.0875
nsga2,cap121,C1,44,0.126,52500.0,967815.45
nsga2,cap121,C1,44,0.126,60000.0,944428.1125
nsga2,cap121,C1,44,0.126,67500.0,890100.25
nsga2,cap121,C1,44,0.126,75000.0,878324.0499999999
nsga2,cap121,C1,44,0.126,82500.0,859249.225
nsga2,cap121,C1,45,0.13,60000.0,910454.5375
nsga2,cap121,C1,45,0.13,67500.0,876523.4875
nsga2,cap121,C1,45,0.13,75000.0,841846.4125
nsga2,cap121,C1,45,0.13,82500.0,830883.9249999999
nsga2,cap121,C1,45,0.13,90000.0,818466.7875
nsga2,cap121,C1,45,0.13,97500.0,812832.4375
nsga2,cap121,C1,46,0.117,67500.0,915430.075
nsga2,cap121,C1,46,0.117,75000.0,858517.0125
nsga2,cap121,C1,46,0.117,82500.0,850523.375
nsga2,cap121,C1,46,0.117,90000.0,832243.3375
nsga2,cap121,C1,46,0.117,97500.0,824905.8
nsga2,cap121,C1,47,0.124,67500.0,912559.5
nsga2,cap121,C1,47,0.124,75000.0,884559.425
nsga2,cap121,C1,47,0.124,82500.0,870338.2
nsga2,cap121,C1,47,0.124,90000.0,860145.5
nsga2,cap121,C1,48,0.122,60000.0,916256.1625
nsga2,cap121,C1,48,0.122,67500.0,855246.8375
nsga2,cap121,C1,48,0.122,75000.0,836379.9375
nsga2,cap121,C1,48,0.122,82500.0,833135.275
nsga2,cap121,C1,48,0.122,90000.0,831466.15
nsga2,cap121,C1,49,0.129,67500.0,978277.225
nsga2,cap121,C1,49,0.129,75000.0,808887.025
nsga2,cap121,C1,49,0.129,82500.0,803214.025
nsga2,cap121,C1,49,0.129,90000.0,787307.6125
nsga2,cap121,C1,49,0.129,97500.0,778180.675
nsga2,cap121,C1,49,0.129,105000.0,764183.3375
nsga2,cap121,C1,50,0.127,60000.0,907043.975
nsga2,cap121,C1,50,0.127,67500.0,847823.0375
nsga2,cap121,C1,50,0.127,75000.0,843619.575
nsga2,cap121,C1,51,0.135,60000.0,842427.625
nsga2,cap121,C1,51,0.135,67500.0,824024.5375
nsga2,cap121,C1,51,0.135,75000.0,817177.9375
nsga2,cap121,C1,51,0.135,82500.0,807754.5625
nsga2,cap121,C1,51,0.135,90000.0,805621.4875
vega,cap121,C2,42,0.374,60000.0,1249996.625
vega,cap121,C2,43,0.416,52500.0,1238133.7875
vega,cap121,C2,43,0.416,60000.0,1232466.65
vega,cap121,C2,44,0.394,52500.0,1214482.9375
vega,cap121,C2,45,0.402,60000.0,1203244.4625
vega,cap121,C2,45,0.402,67500.0,1193076.7375
vega,cap121,C2,45,0.402,75000.0,1144471.175
vega,cap121,C2,46,0.365,52500.0,1344551.15
vega,cap121,C2,46,0.365,60000.0,1318318.8125
vega,cap121,C2,47,0.371,52500.0,1290011.0999999999
vega,cap121,C2,47,0.371,60000.0,1189764.2125
vega,cap121,C2,47,0.371,67500.0,1175749.45
vega,cap121,C2,48,0.4,60000.0,1196216.15
vega,cap121,C2,49,0.363,52500.0,1261036.725
vega,cap121,C2,49,0.363,60000.0,1246304.3125
vega,cap121,C2,49,0.363,67500.0,1239395.15
vega,cap121,C2,50,0.357,52500.0,1196748.75
vega,cap121,C2,50,0.357,60000.0,1107629.275
vega,cap121,C2,51,0.371,52500.0,1159204.4
vega,cap121,C2,51,0.371,60000.0,1075494.275
nsga2,cap121,C2,42,0.478,45000.0,1267355.3375
nsga2,cap121,C2,42,0.478,52500.0,939670.8875
nsga2,cap121,C2,42,0.478,60000.0,841522.3125
nsga2,cap121,C2,42,0.478,67500.0,808175.3625
nsga2,cap121,C2,42,0.478,75000.0,794877.075
nsga2,cap121,C2,42,0.478,82500.0,783402.65
nsga2,cap121,C2,42,0.478,90000.0,777862.4
nsga2,cap121,C2,43,0.47,52500.0,890604.6
nsga2,cap121,C2,43,0.47,60000.0,866031.35
nsga2,cap121,C2,43,0.47,67500.0,842223.8
nsga2,cap121,C2,43,0.47,75000.0,813173.225
nsga2,cap121,C2,43,0.47,82500.0,802269.975
nsga2,cap121,C2,43,0.47,90000.0,794370.3625
nsga2,cap121,C2,43,0.47,97500.0,786925.3125
nsga2,cap121,C2,43,0.47,105000.0,782048.4625
nsga2,cap121,C2,43,0.47,112500.0,779085.2375
nsga2,cap121,C2,44,0.418,60000.0,876711.95
nsga2,cap121,C2,44,0.418,67500.0,837709.75
nsga2,cap121,C2,44,0.418,75000.0,817594.425
nsga2,cap121,C2,44,0.418,82500.0,809106.9875
nsga2,cap121,C2,44,0.418,90000.0,801712.4375
nsga2,cap121,C2,44,0.418,97500.0,796559.575
nsga2,cap121,C2,44,0.418,105000.0,793900.1875
nsga2,cap121,C2,44,0.418,112500.0,792834.7
nsga2,cap121,C2,45,0.437,52500.0,915310.475
nsga2,cap121,C2,45,0.437,60000.0,807961.4874999999
nsga2,cap121,C2,45,0.437,67500.0,785434.525
nsga2,cap121,C2,45,0.437,75000.0,768967.575
nsga2,cap121,C2,45,0.437,82500.0,761439.675
nsga2,cap121,C2,45,0.437,90000.0,756753.7125
nsga2,cap121,C2,46,0.421,52500.0,927129.65
nsga2,cap121,C2,46,0.421,60000.0,849908.3
nsga2,cap121,C2,46,0.421,67500.0,820540.3375
nsga2,cap121,C2,46,0.421,75000.0,801133.2625
nsga2,cap121,C2,46,0.421,82500.0,789543.15
nsga2,cap121,C2,46,0.421,90000.0,778835.125
nsga2,cap121,C2,46,0.421,97500.0,771300.1125
nsga2,cap121,C2,46,0.421,105000.0,769353.9125
nsga2,cap121,C2,47,0.405,52500.0,870057.375
nsga2,cap121,C2,47,0.405,60000.0,839557.3
nsga2,cap121,C2,47,0.405,67500.0,822323.85
nsga2,cap121,C2,47,0.405,75000.0,806799.125
nsga2,cap121,C2,47,0.405,82500.0,795392.925
nsga2,cap121,C2,47,0.405,90000.0,785125.5
nsga2,cap121,C2,48,0.413,52500.0,1018847.6875
nsga2,cap121,C2,48,0.413,60000.0,843486.4375
nsga2,cap121,C2,48,0.413,67500.0,811440.8624999999
nsga2,cap121,C2,48,0.413,75000.0,800219.0375
nsga2,cap121,C2,48,0.413,82500.0,793134.7374999999
nsga2,cap121,C2,48,0.413,90000.0,790744.45
nsga2,cap121,C2,49,0.433,45000.0,1414062.6375
nsga2,cap121,C2,49,0.433,52500.0,816280.3875
nsga2,cap121,C2,49,0.433,60000.0,789789.8624999999
nsga2,cap121,C2,49,0.433,67500.0,778914.5125
nsga2,cap121,C2,49,0.433,75000.0,775824.9874999999
nsga2,cap121,C2,49,0.433,82500.0,773496.9874999999
nsga2,cap121,C2,49,0.433,90000.0,772265.2875
nsga2,cap121,C2,50,0.404,60000.0,925983.0375
nsga2,cap121,C2,50,0.404,67500.0,890292.5
nsga2,cap121,C2,50,0.404,75000.0,857084.9125
nsga2,cap121,C2,50,0.404,82500.0,839456.5875
nsga2,cap121,C2,50,0.404,90000.0,831459.8875
nsga2,cap121,C2,50,0.404,97500.0,824187.375
nsga2,cap121,C2,50,0.404,105000.0,823036.7374999999
nsga2,cap121,C2,51,0.419,45000.0,1342664.7625
nsga2,cap121,C2,51,0.419,52500.0,927938.5875
nsga2,cap121,C2,51,0.419,60000.0,845424.775
nsga2,cap121,C2,51,0.419,67500.0,814647.7125
nsga2,cap121,C2,51,0.419,75000.0,792713.9249999999
nsga2,cap121,C2,51,0.419,82500.0,780839.675
nsga2,cap121,C2,51,0.419,90000.0,778677.1375
nsga2,cap121,C2,51,0.419,97500.0,767147.1875
vega,cap121,C3,42,1.629,75000.0,1202101.775
vega,cap121,C3,42,1.629,90000.0,1197705.775
vega,cap121,C3,43,1.706,75000.0,1417686.3375000001
vega,cap121,C3,43,1.706,82500.0,1362975.8125
vega,cap121,C3,43,1.706,90000.0,1175841.1375
vega,cap121,C3,44,1.698,75000.0,1403639.575
vega,cap121,C3,44,1.698,82500.0,1280123.325
vega,cap121,C3,44,1.698,90000.0,1269101.3375
vega,cap121,C3,44,1.698,97500.0,1253495.7125
vega,cap121,C3,44,1.698,105000.0,1227283.225
vega,cap121,C3,45,1.684,67500.0,1394779.9625
vega,cap121,C3,45,1.684,75000.0,1230223.1875
vega,cap121,C3,45,1.684,82500.0,1204978.3
vega,cap121,C3,45,1.684,90000.0,1171569.6125
vega,cap121,C3,46,1.656,75000.0,1481000.525
vega,cap121,C3,46,1.656,82500.0,1364042.65
vega,cap121,C3,46,1.656,90000.0,1353920.0625
vega,cap121,C3,46,1.656,97500.0,1291379.075
vega,cap121,C3,46,1.656,120000.0,1236164.75
vega,cap121,C3,47,1.61,82500.0,1271267.7
vega,cap121,C3,47,1.61,90000.0,1184210.8625
vega,cap121,C3,48,1.676,67500.0,1419007.625
vega,cap121,C3,48,1.676,75000.0,1239213.8125
vega,cap121,C3,48,1.676,82500.0,1204734.4125
vega,cap121,C3,48,1.676,90000.0,1174546.2125
vega,cap121,C3,49,1.608,75000.0,1434978.1375
vega,cap121,C3,49,1.608,90000.0,1276609.15
vega,cap121,C3,49,1.608,97500.0,1247661.7
vega,cap121,C3,50,1.675,75000.0,1331867.3125
vega,cap121,C3,50,1.675,97500.0,1266716.25
vega,cap121,C3,51,1.662,75000.0,1509811.25
vega,cap121,C3,51,1.662,82500.0,1390981.5
vega,cap121,C3,51,1.662,90000.0,1280665.8
nsga2,cap121,C3,42,2.05,37500.0,1056323.8625
nsga2,cap121,C3,42,2.05,45000.0,822081.3875
nsga2,cap121,C3,42,2.05,52500.0,800200.275
nsga2,cap121,C3,42,2.05,60000.0,790322.4625
nsga2,cap121,C3,42,2.05,67500.0,782566.8375
nsga2,cap121,C3,42,2.05,75000.0,772304.05
nsga2,cap121,C3,42,2.05,82500.0,762885.6625
nsga2,cap121,C3,42,2.05,90000.0,756759.3625
nsga2,cap121,C3,42,2.05,97500.0,754878.5625
nsga2,cap121,C3,42,2.05,105000.0,753906.2375
nsga2,cap121,C3,42,2.05,112500.0,751269.325
nsga2,cap121,C3,43,2.116,45000.0,978362.4875
nsga2,cap121,C3,43,2.116,52500.0,869636.9
nsga2,cap121,C3,43,2.116,60000.0,833672.4875
nsga2,cap121,C3,43,2.116,67500.0,811455.675
nsga2,cap121,C3,43,2.116,75000.0,793543.175
nsga2,cap121,C3,43,2.116,82500.0,776638.6375
nsga2,cap121,C3,43,2.116,90000.0,766917.675
nsga2,cap121,C3,43,2.116,97500.0,763125.55
nsga2,cap121,C3,43,2.116,105000.0,761430.45
nsga2,cap121,C3,44,1.603,45000.0,954632.375
nsga2,cap121,C3,44,1.603,52500.0,860146.5375
nsga2,cap121,C3,44,1.603,60000.0,823180.9625
nsga2,cap121,C3,44,1.603,67500.0,786172.5125
nsga2,cap121,C3,44,1.603,75000.0,772831.0875
nsga2,cap121,C3,44,1.603,82500.0,765006.275
nsga2,cap121,C3,44,1.603,90000.0,750842.575
nsga2,cap121,C3,44,1.603,97500.0,739305.975
nsga2,cap121,C3,44,1.603,105000.0,733973.95
nsga2,cap121,C3,44,1.603,112500.0,728767.9
nsga2,cap121,C3,44,1.603,120000.0,726444.925
nsga2,cap121,C3,44,1.603,127500.0,726091.4875
nsga2,cap121,C3,45,1.658,37500.0,857027.2
nsga2,cap121,C3,45,1.658,45000.0,817618.025
nsga2,cap121,C3,45,1.658,52500.0,799235.6875
nsga2,cap121,C3,45,1.658,60000.0,788923.4875
nsga2,cap121,C3,45,1.658,67500.0,773238.55
nsga2,cap121,C3,45,1.658,75000.0,767772.3625
nsga2,cap121,C3,45,1.658,82500.0,749499.875
nsga2,cap121,C3,45,1.658,90000.0,737011.6375
nsga2,cap121,C3,45,1.658,97500.0,731538.5875
nsga2,cap121,C3,46,1.672,45000.0,981058.7875
nsga2,cap121,C3,46,1.672,52500.0,848800.1375
nsga2,cap121,C3,46,1.672,60000.0,826647.8125
nsga2,cap121,C3,46,1.672,67500.0,805763.1625
nsga2,cap121,C3,46,1.672,75000.0,783818.0
nsga2,cap121,C3,46,1.672,82500.0,771997.625
nsga2,cap121,C3,46,1.672,90000.0,753455.9125
nsga2,cap121,C3,46,1.672,97500.0,744070.6875
nsga2,cap121,C3,46,1.672,105000.0,740159.1375
nsga2,cap121,C3,46,1.672,112500.0,736032.7125
nsga2,cap121,C3,47,1.708,37500.0,840253.025
nsga2,cap121,C3,47,1.708,45000.0,809053.7875
nsga2,cap121,C3,47,1.708,52500.0,795840.7125
nsga2,cap121,C3,47,1.708,60000.0,784020.3375
nsga2,cap121,C3,47,1.708,67500.0,773264.75
nsga2,cap121,C3,47,1.708,75000.0,764672.3375
nsga2,cap121,C3,47,1.708,82500.0,762706.0375
nsga2,cap121,C3,47,1.708,90000.0,761280.4625
nsga2,cap121,C3,48,1.66,37500.0,1095528.35
nsga2,cap121,C3,48,1.66,45000.0,887901.0375
nsga2,cap121,C3,48,1.66,52500.0,860177.2875
nsga2,cap121,C3,48,1.66,60000.0,810149.9625
nsga2,cap121,C3,48,1.66,67500.0,784789.125
nsga2,cap121,C3,48,1.66,75000.0,773908.1
nsga2,cap121,C3,48,1.66,82500.0,768165.4875
nsga2,cap121,C3,48,1.66,90000.0,752529.1
nsga2,cap121,C3,48,1.66,97500.0,747185.1
nsga2,cap121,C3,48,1.66,105000.0,745558.05
nsga2,cap121,C3,48,1.66,112500.0,744134.5375
nsga2,cap121,C3,49,1.623,45000.0,860707.1125
nsga2,cap121,C3,49,1.623,52500.0,790219.4125
nsga2,cap121,C3,49,1.623,60000.0,768280.45
nsga2,cap121,C3,49,1.623,67500.0,755126.1375
nsga2,cap121,C3,49,1.623,75000.0,743234.4625
nsga2,cap121,C3,49,1.623,82500.0,732569.075
nsga2,cap121,C3,49,1.623,90000.0,726709.175
nsga2,cap121,C3,49,1.623,97500.0,718860.675
nsga2,cap121,C3,49,1.623,105000.0,713118.625
nsga2,cap121,C3,49,1.623,112500.0,707641.2625
nsga2,cap121,C3,49,1.623,120000.0,706708.375
nsga2,cap121,C3,50,1.659,37500.0,1358703.875
nsga2,cap121,C3,50,1.659,45000.0,967151.6
nsga2,cap121,C3,50,1.659,52500.0,816372.975
nsga2,cap121,C3,50,1.659,60000.0,791544.225
nsga2,cap121,C3,50,1.659,67500.0,773894.85
nsga2,cap121,C3,50,1.659,75000.0,762481.05
nsga2,cap121,C3,50,1.659,82500.0,750775.675
nsga2,cap121,C3,50,1.659,90000.0,739370.8125
nsga2,cap121,C3,50,1.659,97500.0,734809.1375
nsga2,cap121,C3,51,1.593,45000.0,987040.6875
nsga2,cap121,C3,51,1.593,52500.0,816603.975
nsga2,cap121,C3,51,1.593,60000.0,791399.95
nsga2,cap121,C3,51,1.593,67500.0,769407.975
nsga2,cap121,C3,51,1.593,75000.0,755381.35
nsga2,cap121,C3,51,1.593,82500.0,743551.725
nsga2,cap121,C3,51,1.593,90000.0,732056.475
nsga2,cap121,C3,51,1.593,97500.0,726048.7875
nsga2,cap121,C3,51,1.593,105000.0,722334.8375
nsga2,cap121,C3,51,1.593,112500.0,719663.5
vega,cap122,C1,42,0.12,87500.0,1266359.9125
vega,cap122,C1,43,0.116,100000.0,1194021.7125
vega,cap122,C1,43,0.116,112500.0,1170741.3625
vega,cap122,C1,44,0.109,87500.0,1242589.025
vega,cap122,C1,44,0.109,100000.0,1177122.875
vega,cap122,C1,45,0.105,87500.0,1396605.525
vega,cap122,C1,45,0.105,100000.0,1228504.5374999999
vega,cap122,C1,46,0.118,87500.0,1194178.025
vega,cap122,C1,47,0.105,100000.0,1164553.55
vega,cap122,C1,48,0.117,87500.0,1208088.8625
vega,cap122,C1,48,0.117,100000.0,1194671.5999999999
vega,cap122,C1,49,0.122,75000.0,1426232.5625
vega,cap122,C1,49,0.122,87500.0,1254346.875
vega,cap122,C1,50,0.116,87500.0,1168776.275
vega,cap122,C1,51,0.108,87500.0,1326375.825
vega,cap122,C1,51,0.108,100000.0,1121301.85
nsga2,cap122,C1,42,0.141,87500.0,2119515.7875
nsga2,cap122,C1,42,0.141,100000.0,868046.5625
nsga2,cap122,C1,42,0.141,112500.0,830650.475
nsga2,cap122,C1,42,0.141,125000.0,814263.25
nsga2,cap122,C1,43,0.147,112500.0,860597.8375
nsga2,cap122,C1,43,0.147,125000.0,852667.025
nsga2,cap122,C1,43,0.147,137500.0,842602.0875
nsga2,cap122,C1,44,0.141,87500.0,967815.45
nsga2,cap122,C1,44,0.141,100000.0,944428.1125
nsga2,cap122,C1,44,0.141,112500.0,890100.25
nsga2,cap122,C1,44,0.141,125000.0,878324.0499999999
nsga2,cap122,C1,44,0.141,137500.0,859249.225
nsga2,cap122,C1,45,0.125,100000.0,910454.5375
nsga2,cap122,C1,45,0.125,112500.0,876523.4875
nsga2,cap122,C1,45,0.125,125000.0,841846.4125
nsga2,cap122,C1,45,0.125,137500.0,830883.9249999999
nsga2,cap122,C1,45,0.125,150000.0,818466.7875
nsga2,cap122,C1,45,0.125,162500.0,812832.4375
nsga2,cap122,C1,46,0.124,112500.0,915430.075
nsga2,cap122,C1,46,0.124,125000.0,858517.0125
nsga2,cap122,C1,46,0.124,137500.0,850523.375
nsga2,cap122,C1,46,0.124,150000.0,832243.3375
nsga2,cap122,C1,46,0.124,162500.0,824905.8
nsga2,cap122,C1,47,0.131,112500.0,912559.5
nsga2,cap122,C1,47,0.131,125000.0,884559.425
nsga2,cap122,C1,47,0.131,137500.0,870338.2
nsga2,cap122,C1,47,0.131,150000.0,860145.5
nsga2,cap122,C1,48,0.129,100000.0,916256.1625
nsga2,cap122,C1,48,0.129,112500.0,855246.8375
nsga2,cap122,C1,48,0.129,125000.0,836379.9375
nsga2,cap122,C1,48,0.129,137500.0,833135.275
nsga2,cap122,C1,48,0.129,150000.0,831466.15
nsga2,cap122,C1,49,0.135,112500.0,978277.225
nsga2,cap122,C1,49,0.135,125000.0,808887.025
nsga2,cap122,C1,49,0.135,137500.0,803214.025
nsga2,cap122,C1,49,0.135,150000.0,787307.6125
nsga2,cap122,C1,49,0.135,162500.0,778180.675
nsga2,cap122,C1,49,0.135,175000.0,764183.3375
nsga2,cap122,C1,50,0.128,100000.0,907043.975
nsga2,cap122,C1,50,0.128,112500.0,847823.0375
nsga2,cap122,C1,50,0.128,125000.0,843619.575
nsga2,cap122,C1,51,0.128,100000.0,842427.625
nsga2,cap122,C1,51,0.128,112500.0,824024.5375
nsga2,cap122,C1,51,0.128,125000.0,817177.9375
nsga2,cap122,C1,51,0.128,137500.0,807754.5625
nsga2,cap122,C1,51,0.128,150000.0,805621.4875
vega,cap122,C2,42,0.367,100000.0,1249996.625
vega,cap122,C2,43,0.364,87500.0,1238133.7875
vega,cap122,C2,43,0.364,100000.0,1232466.65
vega,cap122,C2,44,0.362,87500.0,1214482.9375
vega,cap122,C2,45,0.364,100000.0,1203244.4625
vega,cap122,C2,45,0.364,112500.0,1193076.7375
vega,cap122,C2,45,0.364,125000.0,1144471.175
vega,cap122,C2,46,0.382,87500.0,1344551.15
vega,cap122,C2,46,0.382,100000.0,1318318.8125
vega,cap122,C2,47,0.378,87500.0,1290011.0999999999
vega,cap122,C2,47,0.378,100000.0,1189764.2125
vega,cap122,C2,47,0.378,112500.0,1175749.45
vega,cap122,C2,48,0.394,100000.0,1196216.15
vega,cap122,C2,49,0.347,87500.0,1261036.725
vega,cap122,C2,49,0.347,100000.0,1246304.3125
vega,cap122,C2,49,0.347,112500.0,1239395.15
vega,cap122,C2,50,0.377,87500.0,1196748.75
vega,cap122,C2,50,0.377,100000.0,1107629.275
vega,cap122,C2,51,0.413,87500.0,1159204.4
vega,cap122,C2,51,0.413,100000.0,1075494.275
nsga2,cap122,C2,42,0.513,75000.0,1267355.3375
nsga2,cap122,C2,42,0.513,87500.0,939670.8875
nsga2,cap122,C2,42,0.513,100000.0,841522.3125
nsga2,cap122,C2,42,0.513,112500.0,808175.3625
nsga2,cap122,C2,42,0.513,125000.0,794877.075
nsga2,cap122,C2,42,0.513,137500.0,783402.65
nsga2,cap122,C2,42,0.513,150000.0,777862.4
nsga2,cap122,C2,43,0.514,87500.0,890604.6
nsga2,cap122,C2,43,0.514,100000.0,866031.35
nsga2,cap122,C2,43,0.514,112500.0,842223.8
nsga2,cap122,C2,43,0.514,125000.0,813173.225
nsga2,cap122,C2,43,0.514,137500.0,802269.975
nsga2,cap122,C2,43,0.514,150000.0,794370.3625
nsga2,cap122,C2,43,0.514,162500.0,786925.3125
nsga2,cap122,C2,43,0.514,175000.0,782048.4625
nsga2,cap122,C2,43,0.514,187500.0,779085.2375
nsga2,cap122,C2,44,0.427,100000.0,876711.95
nsga2,cap122,C2,44,0.427,112500.0,837709.75
nsga2,cap122,C2,44,0.427,125000.0,817594.425
nsga2,cap122,C2,44,0.427,137500.0,809106.9875
nsga2,cap122,C2,44,0.427,150000.0,801712.4375
nsga2,cap122,C2,44,0.427,162500.0,796559.575
nsga2,cap122,C2,44,0.427,175000.0,793900.1875
nsga2,cap122,C2,44,0.427,187500.0,792834.7
nsga2,cap122,C2,45,0.431,87500.0,915310.475
nsga2,cap122,C2,45,0.431,100000.0,807961.4874999999
nsga2,cap122,C2,45,0.431,112500.0,785434.525
nsga2,cap122,C2,45,0.431,125000.0,768967.575
nsga2,cap122,C2,45,0.431,137500.0,761439.675
nsga2,cap122,C2,45,0.431,150000.0,756753.7125
nsga2,cap122,C2,46,0.421,87500.0,927129.65
nsga2,cap122,C2,46,0.421,100000.0,849908.3
nsga2,cap122,C2,46,0.421,112500.0,820540.3375
nsga2,cap122,C2,46,0.421,125000.0,801133.2625
nsga2,cap122,C2,46,0.421,137500.0,789543.15
nsga2,cap122,C2,46,0.421,150000.0,778835.125
nsga2,cap122,C2,46,0.421,162500.0,771300.1125
nsga2,cap122,C2,46,0.421,175000.0,769353.9125
nsga2,cap122,C2,47,0.431,87500.0,870057.375
nsga2,cap122,C2,47,0.431,100000.0,839557.3
nsga2,cap122,C2,47,0.431,112500.0,822323.85
nsga2,cap122,C2,47,0.431,125000.0,806799.125
nsga2,cap122,C2,47,0.431,137500.0,795392.925
nsga2,cap122,C2,47,0.431,150000.0,785125.5
nsga2,cap122,C2,48,0.419,87500.0,1018847.6875
nsga2,cap122,C2,48,0.419,100000.0,843486.4375
nsga2,cap122,C2,48,0.419,112500.0,811440.8624999999
nsga2,cap122,C2,48,0.419,125000.0,800219.0375
nsga2,cap122,C2,48,0.419,137500.0,793134.7374999999
nsga2,cap122,C2,48,0.419,150000.0,790744.45
nsga2,cap122,C2,49,0.429,75000.0,1414062.6375
nsga2,cap122,C2,49,0.429,87500.0,816280.3875
nsga2,cap122,C2,49,0.429,100000.0,789789.8624999999
nsga2,cap122,C2,49,0.429,112500.0,778914.5125
nsga2,cap122,C2,49,0.429,125000.0,775824.9874999999
nsga2,cap122,C2,49,0.429,137500.0,773496.9874999999
nsga2,cap122,C2,49,0.429,150000.0,772265.2875
nsga2,cap122,C2,50,0.405,100000.0,925983.0375
nsga2,cap122,C2,50,0.405,112500.0,890292.5
nsga2,cap122,C2,50,0.405,125000.0,857084.9125
nsga2,cap122,C2,50,0.405,137500.0,839456.5875
nsga2,cap122,C2,50,0.405,150000.0,831459.8875
nsga2,cap122,C2,50,0.405,162500.0,824187.375
nsga2,cap122,C2,50,0.405,175000.0,823036.7374999999
nsga2,cap122,C2,51,0.411,75000.0,1342664.7625
nsga2,cap122,C2,51,0.411,87500.0,927938.5875
nsga2,cap122,C2,51,0.411,100000.0,845424.775
nsga2,cap122,C2,51,0.411,112500.0,814647.7125
nsga2,cap122,C2,51,0.411,125000.0,792713.9249999999
nsga2,cap122,C2,51,0.411,137500.0,780839.675
nsga2,cap122,C2,51,0.411,150000.0,778677.1375
nsga2,cap122,C2,51,0.411,162500.0,767147.1875
vega,cap122,C3,42,1.565,125000.0,1202101.775
vega,cap122,C3,42,1.565,150000.0,1197705.775
vega,cap122,C3,43,1.63,125000.0,1417686.3375000001
vega,cap122,C3,43,1.63,137500.0,1362975.8125
vega,cap122,C3,43,1.63,150000.0,1175841.1375
vega,cap122,C3,44,1.629,125000.0,1403639.575
vega,cap122,C3,44,1.629,137500.0,1280123.325
vega,cap122,C3,44,1.629,150000.0,1269101.3375
vega,cap122,C3,44,1.629,162500.0,1253495.7125
vega,cap122,C3,44,1.629,175000.0,1227283.225
vega,cap122,C3,45,1.631,112500.0,1394779.9625
vega,cap122,C3,45,1.631,125000.0,1230223.1875
vega,cap122,C3,45,1.631,137500.0,1204978.3
vega,cap122,C3,45,1.631,150000.0,1171569.6125
vega,cap122,C3,46,1.587,125000.0,1481000.525
vega,cap122,C3,46,1.587,137500.0,1364042.65
vega,cap122,C3,46,1.587,150000.0,1353920.0625
vega,cap122,C3,46,1.587,162500.0,1291379.075
vega,cap122,C3,46,1.587,200000.0,1236164.75
vega,cap122,C3,47,1.642,137500.0,1271267.7
vega,cap122,C3,47,1.642,150000.0,1184210.8625
vega,cap122,C3,48,1.607,112500.0,1419007.625
vega,cap122,C3,48,1.607,125000.0,1239213.8125
vega,cap122,C3,48,1.607,137500.0,1204734.4125
vega,cap122,C3,48,1.607,150000.0,1174546.2125
vega,cap122,C3,49,1.628,125000.0,1434978.1375
vega,cap122,C3,49,1.628,150000.0,1276609.15
vega,cap122,C3,49,1.628,162500.0,1247661.7
vega,cap122,C3,50,1.597,125000.0,1331867.3125
vega,cap122,C3,50,1.597,162500.0,1266716.25
vega,cap122,C3,51,1.609,125000.0,1509811.25
vega,cap122,C3,51,1.609,137500.0,1390981.5
vega,cap122,C3,51,1.609,150000.0,1280665.8
nsga2,cap122,C3,42,2.07,62500.0,1056323.8625
nsga2,cap122,C3,42,2.07,75000.0,822081.3875
nsga2,cap122,C3,42,2.07,87500.0,800200.275
nsga2,cap122,C3,42,2.07,100000.0,790322.4625
nsga2,cap122,C3,42,2.07,112500.0,782566.8375
nsga2,cap122,C3,42,2.07,125000.0,772304.05
nsga2,cap122,C3,42,2.07,137500.0,762885.6625
nsga2,cap122,C3,42,2.07,150000.0,756759.3625
nsga2,cap122,C3,42,2.07,162500.0,754878.5625
nsga2,cap122,C3,42,2.07,175000.0,753906.2375
nsga2,cap122,C3,42,2.07,187500.0,751269.325
nsga2,cap122,C3,43,1.987,75000.0,978362.4875
nsga2,cap122,C3,43,1.987,87500.0,869636.9
nsga2,cap122,C3,43,1.987,100000.0,833672.4875
nsga2,cap122,C3,43,1.987,112500.0,811455.675
nsga2,cap122,C3,43,1.987,125000.0,793543.175
nsga2,cap122,C3,43,1.987,137500.0,776638.6375
nsga2,cap122,C3,43,1.987,150000.0,766917.675
nsga2,cap122,C3,43,1.987,162500.0,763125.55
nsga2,cap122,C3,43,1.987,175000.0,761430.45
nsga2,cap122,C3,44,1.609,75000.0,954632.375
nsga2,cap122,C3,44,1.609,87500.0,860146.5375
nsga2,cap122,C3,44,1.609,100000.0,823180.9625
nsga2,cap122,C3,44,1.609,112500.0,786172.5125
nsga2,cap122,C3,44,1.609,125000.0,772831.0875
nsga2,cap122,C3,44,1.609,137500.0,765006.275
nsga2,cap122,C3,44,1.609,150000.0,750842.575
nsga2,cap122,C3,44,1.609,162500.0,739305.975
nsga2,cap122,C3,44,1.609,175000.0,733973.95
nsga2,cap122,C3,44,1.609,187500.0,728767.9
nsga2,cap122,C3,44,1.609,200000.0,726444.925
nsga2,cap122,C3,44,1.609,212500.0,726091.4875
nsga2,cap122,C3,45,1.658,62500.0,857027.2
nsga2,cap122,C3,45,1.658,75000.0,817618.025
nsga2,cap122,C3,45,1.658,87500.0,799235.6875
nsga2,cap122,C3,45,1.658,100000.0,788923.4875
nsga2,cap122,C3,45,1.658,112500.0,773238.55
nsga2,cap122,C3,45,1.658,125000.0,767772.3625
nsga2,cap122,C3,45,1.658,137500.0,749499.875
nsga2,cap122,C3,45,1.658,150000.0,737011.6375
nsga2,cap122,C3,45,1.658,162500.0,731538.5875
nsga2,cap122,C3,46,1.643,75000.0,981058.7875
nsga2,cap122,C3,46,1.643,87500.0,848800.1375
nsga2,cap122,C3,46,1.643,100000.0,826647.8125
nsga2,cap122,C3,46,1.643,112500.0,805763.1625
nsga2,cap122,C3,46,1.643,125000.0,783818.0
nsga2,cap122,C3,46,1.643,137500.0,771997.625
nsga2,cap122,C3,46,1.643,150000.0,753455.9125
nsga2,cap122,C3,46,1.643,162500.0,744070.6875
nsga2,cap122,C3,46,1.643,175000.0,740159.1375
nsga2,cap122,C3,46,1.643,187500.0,736032.7125
nsga2,cap122,C3,47,1.722,62500.0,840253.025
nsga2,cap122,C3,47,1.722,75000.0,809053.7875
nsga2,cap122,C3,47,1.722,87500.0,795840.7125
nsga2,cap122,C3,47,1.722,100000.0,784020.3375
nsga2,cap122,C3,47,1.722,112500.0,773264.75
nsga2,cap122,C3,47,1.722,125000.0,764672.3375
nsga2,cap122,C3,47,1.722,137500.0,762706.0375
nsga2,cap122,C3,47,1.722,150000.0,761280.4625
nsga2,cap122,C3,48,1.634,62500.0,1095528.35
nsga2,cap122,C3,48,1.634,75000.0,887901.0375
nsga2,cap122,C3,48,1.634,87500.0,860177.2875
nsga2,cap122,C3,48,1.634,100000.0,810149.9625
nsga2,cap122,C3,48,1.634,112500.0,784789.125
nsga2,cap122,C3,48,1.634,125000.0,773908.1
nsga2,cap122,C3,48,1.634,137500.0,768165.4875
nsga2,cap122,C3,48,1.634,150000.0,752529.1
nsga2,cap122,C3,48,1.634,162500.0,747185.1
nsga2,cap122,C3,48,1.634,175000.0,745558.05
nsga2,cap122,C3,48,1.634,187500.0,744134.5375
nsga2,cap122,C3,49,1.605,75000.0,860707.1125
nsga2,cap122,C3,49,1.605,87500.0,790219.4125
nsga2,cap122,C3,49,1.605,100000.0,768280.45
nsga2,cap122,C3,49,1.605,112500.0,755126.1375
nsga2,cap122,C3,49,1.605,125000.0,743234.4625
nsga2,cap122,C3,49,1.605,137500.0,732569.075
nsga2,cap122,C3,49,1.605,150000.0,726709.175
nsga2,cap122,C3,49,1.605,162500.0,718860.675
nsga2,cap122,C3,49,1.605,175000.0,713118.625
nsga2,cap122,C3,49,1.605,187500.0,707641.2625
nsga2,cap122,C3,49,1.605,200000.0,706708.375
nsga2,cap122,C3,50,1.665,62500.0,1358703.875
nsga2,cap122,C3,50,1.665,75000.0,967151.6
nsga2,cap122,C3,50,1.665,87500.0,816372.975
nsga2,cap122,C3,50,1.665,100000.0,791544.225
nsga2,cap122,C3,50,1.665,112500.0,773894.85
nsga2,cap122,C3,50,1.665,125000.0,762481.05
nsga2,cap122,C3,50,1.665,137500.0,750775.675
nsga2,cap122,C3,50,1.665,150000.0,739370.8125
nsga2,cap122,C3,50,1.665,162500.0,734809.1375
nsga2,cap122,C3,51,1.666,75000.0,987040.6875
nsga2,cap122,C3,51,1.666,87500.0,816603.975
nsga2,cap122,C3,51,1.666,100000.0,791399.95
nsga2,cap122,C3,51,1.666,112500.0,769407.975
nsga2,cap122,C3,51,1.666,125000.0,755381.35
nsga2,cap122,C3,51,1.666,137500.0,743551.725
nsga2,cap122,C3,51,1.666,150000.0,732056.475
nsga2,cap122,C3,51,1.666,162500.0,726048.7875
nsga2,cap122,C3,51,1.666,175000.0,722334.8375
nsga2,cap122,C3,51,1.666,187500.0,719663.5
