algorithm,instance,config,runs,hv_mean,hv_std,hv_best,hv_worst,mean_trade_offs,mean_seconds
vega,cap61,C1,10,0.49001633744581863,0.06873280914954093,0.567163147858037,0.3446686288528509,1.2,0.1082
nsga2,cap61,C1,10,0.8563163889936133,0.0768873175450389,0.9579869028373376,0.7264633020311199,4.1,0.1376
vega,cap61,C2,10,0.5087435305196155,0.09751796149076292,0.6126107066669001,0.35819404756510603,1.6,0.3422
nsga2,cap61,C2,10,0.9026614876032248,0.06735689407310147,1.0155107602402624,0.7742086853200514,5.4,0.4179
vega,cap61,C3,10,0.3292531583693341,0.0409285184381752,0.3955220042987427,0.2549641315650688,2.5,1.4355
nsga2,cap61,C3,10,1.0264579359437376,0.05894577763340259,1.1212956574724329,0.9429989867771289,7.3,1.7977
vega,cap62,C1,10,0.49001633744581863,0.06873280914954093,0.567163147858037,0.3446686288528509,1.2,0.1013
nsga2,cap62,C1,10,0.8563163889936133,0.0768873175450389,0.9579869028373376,0.7264633020311199,4.1,0.1313
vega,cap62,C2,10,0.5087435305196155,0.09751796149076292,0.6126107066669001,0.35819404756510603,1.6,0.356
nsga2,cap62,C2,10,0.9026614876032248,0.06735689407310147,1.0155107602402624,0.7742086853200514,5.4,0.4506
vega,cap62,C3,10,0.3292531583693341,0.0409285184381752,0.3955220042987427,0.2549641315650688,2.5,1.9555
nsga2,cap62,C3,10,1.0264579359437376,0.05894577763340259,1.1212956574724329,0.9429989867771289,7.3,2.0114
vega,cap101,C1,10,0.2984342544550475,0.07085102814765436,0.3985514363955439,0.21577734875295165,1.1,0.1052
nsga2,cap101,C1,10,0.7387536954906314,0.0852286913063242,0.8429062767114549,0.6296167273692773,4.8,0.1279
vega,cap101,C2,10,0.29588985960272984,0.09732576737721578,0.39305926546018893,0.11000000000000011,1,0.3273
nsga2,cap101,C2,10,0.7755361183933739,0.07587343542358663,0.8890932514528821,0.6699203906780813,6.2,0.4175
vega,cap101,C3,10,0.2510814827961096,0.07350990643970541,0.35931560781686744,0.16604990486446145,1,1.2775
nsga2,cap101,C3,10,0.9447442430209478,0.0663859065904614,1.0500365703937562,0.8201003000759531,9.9,1.642
vega,cap102,C1,10,0.2984342544550475,0.07085102814765436,0.3985514363955439,0.21577734875295165,1.1,0.1028
nsga2,cap102,C1,10,0.7387536954906314,0.0852286913063242,0.8429062767114549,0.6296167273692773,4.8,0.1177
vega,cap102,C2,10,0.29588985960272984,0.09732576737721578,0.39305926546018893,0.11000000000000011,1,0.3176
nsga2,cap102,C2,10,0.7755361183933739,0.07587343542358663,0.8890932514528821,0.6699203906780813,6.2,0.4144
vega,cap102,C3,10,0.2510814827961096,0.07350990643970541,0.35931560781686744,0.16604990486446145,1,1.2471
nsga2,cap102,C3,10,0.9447442430209478,0.0663859065904614,1.0500365703937562,0.8201003000759531,9.9,1.651
vega,cap121,C1,10,0.6939368877370493,0.030679021411433395,0.7406804775075223,0.6544464970704799,1.6,0.1234
nsga2,cap121,C1,10,0.830293644617091,0.0543109917843265,0.9115219044702365,0.7549371040867188,4.6,0.1296
vega,cap121,C2,10,0.6822190807549884,0.05464854624754402,0.7781005748014508,0.6081366154974785,2,0.3813
nsga2,cap121,C2,10,0.9612371128600307,0.05979968634754875,1.0289974969282425,0.8514315697498981,7.2,0.4298
vega,cap121,C3,10,0.4935890902153777,0.04535844250892043,0.5724780633656725,0.4520762402863362,3.3,1.6604
nsga2,cap121,C3,10,1.1065399517297978,0.04288456433110981,1.164831250457736,1.0493502166824882,10,1.7342
vega,cap122,C1,10,0.6939368877370493,0.030679021411433395,0.7406804775075223,0.6544464970704799,1.6,0.1136
nsga2,cap122,C1,10,0.830293644617091,0.0543109917843265,0.9115219044702365,0.7549371040867188,4.6,0.1329
vega,cap122,C2,10,0.6822190807549884,0.05464854624754402,0.7781005748014508,0.6081366154974785,2,0.3748
nsga2,cap122,C2,10,0.9612371128600307,0.05979968634754875,1.0289974969282425,0.8514315697498981,7.2,0.4401
vega,cap122,C3,10,0.4935890902153777,0.04535844250892043,0.5724780633656725,0.4520762402863362,3.3,1.6125
nsga2,cap122,C3,10,1.1065399517297978,0.04288456433110981,1.164831250457736,1.0493502166824882,10,1.7259
