algorithm,instance,config,seed,hypervolume,non_dominated,seconds
nsga2,cap101,C1,42,1.0908744416549034,25,0.423
nsga2,cap101,C1,43,1.090847429089954,25,0.429
nsga2,cap101,C1,44,1.0903131446451733,23,0.422
nsga2,cap101,C1,45,1.090140589353741,23,0.438
nsga2,cap101,C1,46,1.0908744416549034,25,0.42
nsga2,cap101,C1,47,1.0908744416549034,25,0.414
nsga2,cap101,C1,48,1.0908744416549034,25,0.425
nsga2,cap101,C1,49,1.090600802779427,24,0.415
nsga2,cap101,C1,50,1.0908744416549034,25,0.431
nsga2,cap101,C1,51,1.0907078160958743,24,0.437
nsga2,cap101,C2,42,1.0908744416549034,25,1.359
nsga2,cap101,C2,43,1.0908744416549034,25,1.357
nsga2,cap101,C2,44,1.0908744416549034,25,1.396
nsga2,cap101,C2,45,1.0907078160958743,24,1.37
nsga2,cap101,C2,46,1.0908744416549034,25,1.385
nsga2,cap101,C2,47,1.0908744416549034,25,1.394
nsga2,cap101,C2,48,1.0908744416549034,25,1.356
nsga2,cap101,C2,49,1.090603288370546,24,1.403
nsga2,cap101,C2,50,1.0908744416549034,25,1.371
nsga2,cap101,C2,51,1.0908744416549034,25,1.361
nsga2,cap101,C3,42,1.0908744416549034,25,4.649
nsga2,cap101,C3,43,1.0907078160958743,24,4.643
nsga2,cap101,C3,44,1.0903779090808703,23,4.638
nsga2,cap101,C3,45,1.0907078160958743,24,4.587
nsga2,cap101,C3,46,1.0908744416549034,25,4.599
nsga2,cap101,C3,47,1.0908744416549034,25,4.585
nsga2,cap101,C3,48,1.0908744416549034,25,4.681
nsga2,cap101,C3,49,1.0908744416549034,25,4.728
nsga2,cap101,C3,50,1.0908744416549034,25,4.593
nsga2,cap101,C3,51,1.0907078160958743,24,4.668
nsga2,cap102,C1,42,1.0908744416549034,25,0.433
nsga2,cap102,C1,43,1.090847429089954,25,0.425
nsga2,cap102,C1,44,1.0903131446451733,23,0.462
nsga2,cap102,C1,45,1.090140589353741,23,0.43
nsga2,cap102,C1,46,1.0908744416549034,25,0.439
nsga2,cap102,C1,47,1.0908744416549034,25,0.466
nsga2,cap102,C1,48,1.0908744416549034,25,0.417
nsga2,cap102,C1,49,1.090600802779427,24,0.459
nsga2,cap102,C1,50,1.0908744416549034,25,0.476
nsga2,cap102,C1,51,1.0907078160958743,24,0.466
nsga2,cap102,C2,42,1.0908744416549034,25,1.33
nsga2,cap102,C2,43,1.0908744416549034,25,1.324
nsga2,cap102,C2,44,1.0908744416549034,25,1.335
nsga2,cap102,C2,45,1.0907078160958743,24,1.342
nsga2,cap102,C2,46,1.0908744416549034,25,1.304
nsga2,cap102,C2,47,1.0908744416549034,25,1.326
nsga2,cap102,C2,48,1.0908744416549034,25,1.301
nsga2,cap102,C2,49,1.090603288370546,24,1.344
nsga2,cap102,C2,50,1.0908744416549034,25,1.3
nsga2,cap102,C2,51,1.0908744416549034,25,1.345
nsga2,cap102,C3,42,1.0908744416549034,25,4.605
nsga2,cap102,C3,43,1.0907078160958743,24,4.509
nsga2,cap102,C3,44,1.0903779090808703,23,4.602
nsga2,cap102,C3,45,1.0907078160958743,24,4.573
nsga2,cap102,C3,46,1.0908744416549034,25,4.59
nsga2,cap102,C3,47,1.0908744416549034,25,4.443
nsga2,cap102,C3,48,1.0908744416549034,25,4.691
nsga2,cap102,C3,49,1.0908744416549034,25,4.459
nsga2,cap102,C3,50,1.0908744416549034,25,4.489
nsga2,cap102,C3,51,1.0907078160958743,24,4.493
nsga2,cap121,C1,42,1.1098628231228338,34,0.507
nsga2,cap121,C1,43,1.1120464129448682,38,0.49
nsga2,cap121,C1,44,1.1073806009967082,36,0.492
nsga2,cap121,C1,45,1.1078887699384552,40,0.513
nsga2,cap121,C1,46,1.1114589961877126,38,0.512
nsga2,cap121,C1,47,1.1094610798890108,40,0.507
nsga2,cap121,C1,48,1.1107517640306226,35,0.513
nsga2,cap121,C1,49,1.1082224112622723,34,0.51
nsga2,cap121,C1,50,1.107463855660281,36,0.492
nsga2,cap121,C1,51,1.1064250866814622,36,0.523
nsga2,cap121,C2,42,1.1130242596955673,44,1.51
nsga2,cap121,C2,43,1.1122139756112173,44,1.591
nsga2,cap121,C2,44,1.112782558489301,46,1.58
nsga2,cap121,C2,45,1.1129118227481412,44,1.566
nsga2,cap121,C2,46,1.1123674780369772,42,1.603
nsga2,cap121,C2,47,1.112243327406269,42,1.603
nsga2,cap121,C2,48,1.1126984127433208,45,1.512
nsga2,cap121,C2,49,1.1129416426939502,44,1.576
nsga2,cap121,C2,50,1.1100440361560473,43,1.613
nsga2,cap121,C2,51,1.1128498232412911,45,1.565
nsga2,cap121,C3,42,1.1139898825366952,42,5.271
nsga2,cap121,C3,43,1.1135920503929275,44,5.325
nsga2,cap121,C3,44,1.1129827074468444,44,5.372
nsga2,cap121,C3,45,1.114747941212133,44,5.311
nsga2,cap121,C3,46,1.1144638474555522,42,5.277
nsga2,cap121,C3,47,1.1137305509566882,42,5.293
nsga2,cap121,C3,48,1.113064176318401,43,5.259
nsga2,cap121,C3,49,1.112658108251781,42,5.353
nsga2,cap121,C3,50,1.1130391239657378,44,5.296
nsga2,cap121,C3,51,1.1142508773093207,41,5.328
nsga2,cap122,C1,42,1.1098628231228338,34,0.535
nsga2,cap122,C1,43,1.1120464129448682,38,0.547
nsga2,cap122,C1,44,1.1073806009967082,36,0.52
nsga2,cap122,C1,45,1.1078887699384552,40,0.536
nsga2,cap122,C1,46,1.1114589961877126,38,0.533
nsga2,cap122,C1,47,1.1094610798890108,40,0.547
nsga2,cap122,C1,48,1.1107517640306226,35,0.53
nsga2,cap122,C1,49,1.1082224112622723,34,0.519
nsga2,cap122,C1,50,1.107463855660281,36,0.502
nsga2,cap122,C1,51,1.1064250866814622,36,0.534
nsga2,cap122,C2,42,1.1130242596955673,44,1.6
nsga2,cap122,C2,43,1.1122139756112173,44,1.594
nsga2,cap122,C2,44,1.112782558489301,46,1.549
nsga2,cap122,C2,45,1.1129118227481412,44,1.519
nsga2,cap122,C2,46,1.1123674780369772,42,1.495
nsga2,cap122,C2,47,1.112243327406269,42,1.704
nsga2,cap122,C2,48,1.1126984127433208,45,1.717
nsga2,cap122,C2,49,1.1129416426939502,44,1.554
nsga2,cap122,C2,50,1.1100440361560473,43,1.585
nsga2,cap122,C2,51,1.1128498232412911,45,1.694
nsga2,cap122,C3,42,1.1139898825366952,42,5.821
nsga2,cap122,C3,43,1.1135920503929275,44,5.733
nsga2,cap122,C3,44,1.1129827074468444,44,6.02
nsga2,cap122,C3,45,1.114747941212133,44,5.921
nsga2,cap122,C3,46,1.1144638474555522,42,5.807
nsga2,cap122,C3,47,1.1137305509566882,42,5.942
nsga2,cap122,C3,48,1.113064176318401,43,5.678
nsga2,cap122,C3,49,1.112658108251781,42,5.705
nsga2,cap122,C3,50,1.1130391239657378,44,5.956
nsga2,cap122,C3,51,1.1142508773093207,41,6.035
nsga2,cap61,C1,42,1.1420839614884264,13,0.239
nsga2,cap61,C1,43,1.1420839614884264,13,0.237
nsga2,cap61,C1,44,1.1420839614884264,13,0.248
nsga2,cap61,C1,45,1.1420839614884264,13,0.25
nsga2,cap61,C1,46,1.1420839614884264,13,0.261
nsga2,cap61,C1,47,1.1420839614884264,13,0.256
nsga2,cap61,C1,48,1.1420839614884264,13,0.268
nsga2,cap61,C1,49,1.1420839614884264,13,0.248
nsga2,cap61,C1,50,1.1420839614884264,13,0.255
nsga2,cap61,C1,51,1.1420839614884264,13,0.33
nsga2,cap61,C2,42,1.1420839614884264,13,1.307
nsga2,cap61,C2,43,1.1420839614884264,13,1.351
nsga2,cap61,C2,44,1.1420839614884264,13,1.313
nsga2,cap61,C2,45,1.1420839614884264,13,1.301
nsga2,cap61,C2,46,1.1420839614884264,13,1.354
nsga2,cap61,C2,47,1.1420839614884264,13,1.377
nsga2,cap61,C2,48,1.1420839614884264,13,1.288
nsga2,cap61,C2,49,1.1420839614884264,13,1.325
nsga2,cap61,C2,50,1.1420839614884264,13,1.287
nsga2,cap61,C2,51,1.1420839614884264,13,1.318
nsga2,cap61,C3,42,1.1420839614884264,13,4.698
nsga2,cap61,C3,43,1.1420839614884264,13,4.715
nsga2,cap61,C3,44,1.1420839614884264,13,4.834
nsga2,cap61,C3,45,1.1420839614884264,13,4.776
nsga2,cap61,C3,46,1.1420839614884264,13,4.721
nsga2,cap61,C3,47,1.1420839614884264,13,4.681
nsga2,cap61,C3,48,1.1420839614884264,13,4.73
nsga2,cap61,C3,49,1.1420839614884264,13,4.655
nsga2,cap61,C3,50,1.1420839614884264,13,4.692
nsga2,cap61,C3,51,1.1420839614884264,13,4.768
nsga2,cap62,C1,42,1.1420839614884264,13,0.415
nsga2,cap62,C1,43,1.1420839614884264,13,0.42
nsga2,cap62,C1,44,1.1420839614884264,13,0.434
nsga2,cap62,C1,45,1.1420839614884264,13,0.426
nsga2,cap62,C1,46,1.1420839614884264,13,0.404
nsga2,cap62,C1,47,1.1420839614884264,13,0.411
nsga2,cap62,C1,48,1.1420839614884264,13,0.433
nsga2,cap62,C1,49,1.1420839614884264,13,0.396
nsga2,cap62,C1,50,1.1420839614884264,13,0.43
nsga2,cap62,C1,51,1.1420839614884264,13,0.426
nsga2,cap62,C2,42,1.1420839614884264,13,1.292
nsga2,cap62,C2,43,1.1420839614884264,13,1.286
nsga2,cap62,C2,44,1.1420839614884264,13,1.269
nsga2,cap62,C2,45,1.1420839614884264,13,1.278
nsga2,cap62,C2,46,1.1420839614884264,13,1.285
nsga2,cap62,C2,47,1.1420839614884264,13,1.31
nsga2,cap62,C2,48,1.1420839614884264,13,1.284
nsga2,cap62,C2,49,1.1420839614884264,13,1.291
nsga2,cap62,C2,50,1.1420839614884264,13,1.29
nsga2,cap62,C2,51,1.1420839614884264,13,1.295
nsga2,cap62,C3,42,1.1420839614884264,13,4.486
nsga2,cap62,C3,43,1.1420839614884264,13,4.424
nsga2,cap62,C3,44,1.1420839614884264,13,4.472
nsga2,cap62,C3,45,1.1420839614884264,13,4.576
nsga2,cap62,C3,46,1.1420839614884264,13,4.484
nsga2,cap62,C3,47,1.1420839614884264,13,4.48
nsga2,cap62,C3,48,1.1420839614884264,13,4.464
nsga2,cap62,C3,49,1.1420839614884264,13,4.49
nsga2,cap62,C3,50,1.1420839614884264,13,4.478
nsga2,cap62,C3,51,1.1420839614884264,13,4.492
vega,cap101,C1,42,0.9069355535916663,5,0.387
vega,cap101,C1,43,0.9426445175813621,10,0.382
vega,cap101,C1,44,0.9056351187407352,9,0.411
vega,cap101,C1,45,0.9543453374565594,9,0.389
vega,cap101,C1,46,0.9831408727221191,10,0.398
vega,cap101,C1,47,0.867177078748762,6,0.377
vega,cap101,C1,48,0.8733898102185519,7,0.388
vega,cap101,C1,49,0.9809104483968698,9,0.391
vega,cap101,C1,50,0.89591088874452,8,0.393
vega,cap101,C1,51,0.8889729971405531,7,0.397
vega,cap101,C2,42,0.9561856710053698,8,1.218
vega,cap101,C2,43,0.967628775186514,10,1.281
vega,cap101,C2,44,0.9624260941673494,11,1.234
vega,cap101,C2,45,0.9127230736888642,11,1.273
vega,cap101,C2,46,0.8983706276637619,8,1.247
vega,cap101,C2,47,0.9283897726817856,10,1.236
vega,cap101,C2,48,0.9245880846725908,10,1.276
vega,cap101,C2,49,0.8781659660222355,8,1.274
vega,cap101,C2,50,0.9445303693096063,9,1.303
vega,cap101,C2,51,0.9330951587279447,10,1.247
vega,cap101,C3,42,0.8942528882707872,10,4.346
vega,cap101,C3,43,0.9166984925508374,10,4.19
vega,cap101,C3,44,0.8920389637486626,8,4.359
vega,cap101,C3,45,0.8839988689893113,13,4.353
vega,cap101,C3,46,0.9535459311803107,12,4.31
vega,cap101,C3,47,0.9028864526484677,11,4.417
vega,cap101,C3,48,0.9289622235054933,11,4.278
vega,cap101,C3,49,0.8963305039763156,9,4.321
vega,cap101,C3,50,0.8896440779200732,9,4.204
vega,cap101,C3,51,0.9260032154843965,11,4.278
vega,cap102,C1,42,0.9069355535916663,5,0.413
vega,cap102,C1,43,0.9426445175813621,10,0.391
vega,cap102,C1,44,0.9056351187407352,9,0.408
vega,cap102,C1,45,0.9543453374565594,9,0.413
vega,cap102,C1,46,0.9831408727221191,10,0.41
vega,cap102,C1,47,0.867177078748762,6,0.413
vega,cap102,C1,48,0.8733898102185519,7,0.413
vega,cap102,C1,49,0.9809104483968698,9,0.399
vega,cap102,C1,50,0.89591088874452,8,0.405
vega,cap102,C1,51,0.8889729971405531,7,0.45
vega,cap102,C2,42,0.9561856710053698,8,1.186
vega,cap102,C2,43,0.967628775186514,10,1.202
vega,cap102,C2,44,0.9624260941673494,11,1.198
vega,cap102,C2,45,0.9127230736888642,11,1.193
vega,cap102,C2,46,0.8983706276637619,8,1.215
vega,cap102,C2,47,0.9283897726817856,10,1.192
vega,cap102,C2,48,0.9245880846725908,10,1.215
vega,cap102,C2,49,0.8781659660222355,8,1.194
vega,cap102,C2,50,0.9445303693096063,9,1.209
vega,cap102,C2,51,0.9330951587279447,10,1.193
vega,cap102,C3,42,0.8942528882707872,10,4.169
vega,cap102,C3,43,0.9166984925508374,10,4.107
vega,cap102,C3,44,0.8920389637486626,8,4.266
vega,cap102,C3,45,0.8839988689893113,13,4.064
vega,cap102,C3,46,0.9535459311803107,12,4.212
vega,cap102,C3,47,0.9028864526484677,11,4.093
vega,cap102,C3,48,0.9289622235054933,11,4.168
vega,cap102,C3,49,0.8963305039763156,9,4.127
vega,cap102,C3,50,0.8896440779200732,9,4.067
vega,cap102,C3,51,0.9260032154843965,11,4.147
vega,cap121,C1,42,0.934118153958046,10,0.454
vega,cap121,C1,43,0.8727252825171938,6,0.467
vega,cap121,C1,44,0.9017389703385364,8,0.459
vega,cap121,C1,45,0.9110121907351908,6,0.467
vega,cap121,C1,46,0.8479107825998591,5,0.451
vega,cap121,C1,47,0.943948883871406,10,0.451
vega,cap121,C1,48,0.9486335652452076,9,0.454
vega,cap121,C1,49,0.8798763054051981,8,0.473
vega,cap121,C1,50,0.8422603997472095,9,0.464
vega,cap121,C1,51,0.9044490735026895,10,0.465
vega,cap121,C2,42,0.94633819645003,9,1.493
vega,cap121,C2,43,0.888918146932883,10,1.489
vega,cap121,C2,44,0.8815890770262492,7,1.494
vega,cap121,C2,45,0.9141306812467194,8,1.503
vega,cap121,C2,46,0.977987209105695,10,1.538
vega,cap121,C2,47,0.9172303652040915,9,1.471
vega,cap121,C2,48,0.9163091952118753,7,1.478
vega,cap121,C2,49,0.9295930769778962,8,1.493
vega,cap121,C2,50,0.9095178249355999,10,1.504
vega,cap121,C2,51,0.9093569268885797,8,1.467
vega,cap121,C3,42,0.8840279292406285,11,4.919
vega,cap121,C3,43,0.8693541784373879,9,4.953
vega,cap121,C3,44,0.844313622351088,10,4.926
vega,cap121,C3,45,0.889367465697239,9,4.974
vega,cap121,C3,46,0.8644059274617959,7,4.969
vega,cap121,C3,47,0.8983067346685628,11,5.055
vega,cap121,C3,48,0.8691134053109805,11,4.962
vega,cap121,C3,49,0.9152013144135334,7,4.984
vega,cap121,C3,50,0.8694525162122652,9,4.885
vega,cap121,C3,51,0.8904223252787441,8,5.1
vega,cap122,C1,42,0.934118153958046,10,0.473
vega,cap122,C1,43,0.8727252825171938,6,0.475
vega,cap122,C1,44,0.9017389703385364,8,0.488
vega,cap122,C1,45,0.9110121907351908,6,0.486
vega,cap122,C1,46,0.8479107825998591,5,0.497
vega,cap122,C1,47,0.943948883871406,10,0.505
vega,cap122,C1,48,0.9486335652452076,9,0.487
vega,cap122,C1,49,0.8798763054051981,8,0.471
vega,cap122,C1,50,0.8422603997472095,9,0.483
vega,cap122,C1,51,0.9044490735026895,10,0.525
vega,cap122,C2,42,0.94633819645003,9,1.424
vega,cap122,C2,43,0.888918146932883,10,1.482
vega,cap122,C2,44,0.8815890770262492,7,1.423
vega,cap122,C2,45,0.9141306812467194,8,1.53
vega,cap122,C2,46,0.977987209105695,10,1.547
vega,cap122,C2,47,0.9172303652040915,9,1.596
vega,cap122,C2,48,0.9163091952118753,7,1.668
vega,cap122,C2,49,0.9295930769778962,8,1.49
vega,cap122,C2,50,0.9095178249355999,10,1.541
vega,cap122,C2,51,0.9093569268885797,8,1.512
vega,cap122,C3,42,0.8840279292406285,11,5.513
vega,cap122,C3,43,0.8693541784373879,9,5.545
vega,cap122,C3,44,0.844313622351088,10,5.59
vega,cap122,C3,45,0.889367465697239,9,5.538
vega,cap122,C3,46,0.8644059274617959,7,5.511
vega,cap122,C3,47,0.8983067346685628,11,5.61
vega,cap122,C3,48,0.8691134053109805,11,5.555
vega,cap122,C3,49,0.9152013144135334,7,5.413
vega,cap122,C3,50,0.8694525162122652,9,5.521
vega,cap122,C3,51,0.8904223252787441,8,5.504
vega,cap61,C1,42,1.0631228947027052,7,0.261
vega,cap61,C1,43,1.0944356660467256,5,0.266
vega,cap61,C1,44,1.053170209940461,5,0.281
vega,cap61,C1,45,1.06604522928753,6,0.307
vega,cap61,C1,46,1.0602645158290958,7,0.253
vega,cap61,C1,47,1.0141678902722935,7,0.457
vega,cap61,C1,48,1.0627173361252236,6,0.249
vega,cap61,C1,49,1.0638106335591808,6,0.265
vega,cap61,C1,50,1.0494438204145684,6,0.257
vega,cap61,C1,51,1.0192100911646371,6,0.264
vega,cap61,C2,42,1.0827928744584432,8,1.334
vega,cap61,C2,43,1.0886468294704277,7,1.313
vega,cap61,C2,44,1.09159542928787,6,1.287
vega,cap61,C2,45,1.0801569844141152,7,1.288
vega,cap61,C2,46,1.0872525970774287,5,1.272
vega,cap61,C2,47,1.0572997934151116,6,1.35
vega,cap61,C2,48,1.0908360995899882,6,1.297
vega,cap61,C2,49,1.0809216876070153,6,1.297
vega,cap61,C2,50,1.0928745275587242,8,1.343
vega,cap61,C2,51,1.081774803139439,7,1.336
vega,cap61,C3,42,1.1000566332215875,7,4.599
vega,cap61,C3,43,1.0831262838240094,8,4.565
vega,cap61,C3,44,1.0885195507897056,8,4.643
vega,cap61,C3,45,1.0751364004372033,7,4.538
vega,cap61,C3,46,1.1008675516623403,8,4.602
vega,cap61,C3,47,1.0964772865809613,8,4.406
vega,cap61,C3,48,1.069798194199743,9,4.569
vega,cap61,C3,49,1.1020467595605636,9,4.529
vega,cap61,C3,50,1.0750923865298927,7,4.575
vega,cap61,C3,51,1.0889635846144208,7,4.491
vega,cap62,C1,42,1.0631228947027052,7,0.403
vega,cap62,C1,43,1.0944356660467256,5,0.411
vega,cap62,C1,44,1.053170209940461,5,0.391
vega,cap62,C1,45,1.06604522928753,6,0.432
vega,cap62,C1,46,1.0602645158290958,7,0.409
vega,cap62,C1,47,1.0141678902722935,7,0.424
vega,cap62,C1,48,1.0627173361252236,6,0.42
vega,cap62,C1,49,1.0638106335591808,6,0.409
vega,cap62,C1,50,1.0494438204145684,6,0.428
vega,cap62,C1,51,1.0192100911646371,6,0.429
vega,cap62,C2,42,1.0827928744584432,8,1.251
vega,cap62,C2,43,1.0886468294704277,7,1.269
vega,cap62,C2,44,1.09159542928787,6,1.285
vega,cap62,C2,45,1.0801569844141152,7,1.271
vega,cap62,C2,46,1.0872525970774287,5,1.292
vega,cap62,C2,47,1.0572997934151116,6,1.286
vega,cap62,C2,48,1.0908360995899882,6,1.254
vega,cap62,C2,49,1.0809216876070153,6,1.248
vega,cap62,C2,50,1.0928745275587242,8,1.278
vega,cap62,C2,51,1.081774803139439,7,1.298
vega,cap62,C3,42,1.1000566332215875,7,4.265
vega,cap62,C3,43,1.0831262838240094,8,4.305
vega,cap62,C3,44,1.0885195507897056,8,4.24
vega,cap62,C3,45,1.0751364004372033,7,4.252
vega,cap62,C3,46,1.1008675516623403,8,4.274
vega,cap62,C3,47,1.0964772865809613,8,4.271
vega,cap62,C3,48,1.069798194199743,9,4.337
vega,cap62,C3,49,1.1020467595605636,9,4.311
vega,cap62,C3,50,1.0750923865298927,7,4.319
vega,cap62,C3,51,1.0889635846144208,7,4.243
