instance,config,algorithm_a,algorithm_b,paired_runs,wilcoxon_statistic,p_value_two_sided
cap101,C1,nsga2,vega,10,0.0,0.001953125
cap101,C2,nsga2,vega,10,0.0,0.001953125
cap101,C3,nsga2,vega,10,0.0,0.001953125
cap102,C1,nsga2,vega,10,0.0,0.001953125
cap102,C2,nsga2,vega,10,0.0,0.001953125
cap102,C3,nsga2,vega,10,0.0,0.001953125
cap121,C1,nsga2,vega,10,0.0,0.001953125
cap121,C2,nsga2,vega,10,0.0,0.001953125
cap121,C3,nsga2,vega,10,0.0,0.001953125
cap122,C1,nsga2,vega,10,0.0,0.001953125
cap122,C2,nsga2,vega,10,0.0,0.001953125
cap122,C3,nsga2,vega,10,0.0,0.001953125
cap61,C1,nsga2,vega,10,0.0,0.001953125
cap61,C2,nsga2,vega,10,0.0,0.001953125
cap61,C3,nsga2,vega,10,0.0,0.001953125
cap62,C1,nsga2,vega,10,0.0,0.001953125
cap62,C2,nsga2,vega,10,0.0,0.001953125
cap62,C3,nsga2,vega,10,0.0,0.001953125
